filename,ipBasedUrl,ageDomainName,nonMatchingDomain,nonModalDomain,useHTML,numATags,numDomains,numDots,useJavaScript,urlImage,numFormTags,phishing
Phishing1,1,0,0,0,1,1,1,5,0,0,0,1
Phishing2,1,0,0,0,1,1,1,5,0,0,0,1
Phishing3,0,0,1,0,1,2,2,5,0,0,0,1
Phishing4,0,0,1,0,1,2,3,6,0,1,0,1
Phishing5,0,0,1,0,1,2,2,18,0,0,0,1
Phishing6,1,0,0,1,1,1,2,7,0,1,0,1
Phishing7,0,0,1,0,1,1,2,4,0,0,0,1
Phishing8,0,0,1,0,1,2,2,18,0,0,0,1
Phishing9,1,0,1,0,1,3,2,5,0,1,0,1
Phishing10,0,0,1,0,1,2,4,3,0,1,0,1
Phishing11,0,0,1,0,1,4,2,3,0,1,0,1
Phishing12,0,0,1,0,1,2,2,18,0,0,0,1
Phishing13,0,0,1,0,1,4,2,3,0,1,0,1
Phishing14,0,0,1,0,1,4,2,3,0,1,0,1
Phishing15,0,0,1,0,1,4,3,3,0,1,0,1
Phishing16,0,0,1,0,1,4,2,2,0,0,0,1
Phishing17,1,0,1,0,1,2,3,4,0,1,0,1
Phishing18,0,0,1,0,1,4,3,3,0,1,0,1
Phishing19,0,0,1,0,1,4,3,3,0,1,0,1
Phishing20,0,0,0,1,1,7,2,3,0,1,0,1
Phishing21,1,0,1,0,1,1,2,5,0,0,0,1
Phishing22,0,0,1,0,1,4,2,3,0,1,0,1
Phishing23,1,0,0,1,1,4,3,5,0,1,0,1
Phishing24,1,0,1,0,1,3,2,4,0,1,0,1
Phishing25,0,0,1,0,1,2,2,5,0,0,0,1
Phishing26,0,0,0,1,1,3,4,6,0,1,0,1
Phishing27,0,0,1,0,1,1,2,3,0,1,0,1
Phishing28,1,0,0,0,1,1,1,5,0,0,0,1
Phishing29,1,0,1,0,1,3,2,4,0,1,0,1
Phishing30,1,0,1,0,1,7,5,7,0,1,0,1
Phishing31,0,0,0,0,1,1,1,5,0,0,0,1
Phishing32,0,0,0,0,1,1,1,5,0,0,0,1
Phishing33,0,0,1,0,1,1,2,3,0,1,0,1
Phishing34,0,0,1,0,1,1,4,3,0,1,0,1
Phishing35,0,0,1,0,1,4,2,3,0,1,0,1
Phishing36,1,0,1,0,1,1,2,5,0,0,0,1
Phishing37,1,0,1,0,1,3,2,4,0,1,0,1
Phishing38,0,0,1,0,1,4,3,5,0,1,0,1
Phishing39,0,0,1,0,1,1,3,7,0,1,0,1
Phishing40,0,0,0,1,1,9,4,5,0,1,0,1
Phishing41,0,0,1,0,1,1,2,2,0,0,0,1
Phishing42,0,0,1,0,1,1,2,4,0,1,0,1
Phishing43,0,0,1,0,1,2,2,5,0,0,0,1
Phishing44,0,0,1,0,1,1,2,4,0,1,0,1
Phishing45,0,0,0,0,1,1,1,3,0,1,0,1
Phishing46,1,0,1,0,1,2,2,4,0,0,0,1
Phishing47,0,0,1,0,1,3,2,4,0,1,0,1
Phishing48,1,0,1,1,1,5,2,3,0,1,0,1
Phishing49,1,0,0,0,1,1,1,6,0,0,0,1
Phishing50,0,0,0,0,1,3,1,3,0,1,0,1
Phishing51,0,0,1,0,1,1,2,4,0,0,0,1
Phishing52,0,0,1,0,1,4,2,4,0,1,0,1
Phishing53,1,0,0,0,1,1,1,5,0,0,0,1
Phishing54,0,0,0,0,1,1,1,3,0,0,0,1
Phishing55,0,0,0,0,1,1,1,3,0,0,0,1
Phishing56,0,0,1,0,1,1,2,4,0,0,0,1
Phishing57,1,0,1,0,1,1,4,3,0,0,0,1
Phishing58,0,0,0,0,1,1,1,3,0,0,0,1
Phishing59,0,0,0,0,1,1,1,3,0,0,0,1
Phishing60,0,0,0,0,1,5,0,0,0,1,0,1
Phishing61,1,0,1,0,1,9,3,4,0,1,0,1
Phishing62,1,0,0,1,1,3,2,10,0,1,0,1
Phishing63,0,0,1,0,1,7,2,3,0,1,0,1
Phishing64,0,0,0,1,1,5,4,5,1,1,0,1
Phishing65,0,0,0,1,1,1,4,4,0,1,0,1
Phishing66,1,0,1,0,1,1,4,3,0,0,0,1
Phishing67,0,0,0,0,1,1,0,0,0,1,0,1
Phishing68,1,0,1,0,1,3,2,3,0,1,0,1
Phishing69,1,0,1,0,1,2,2,6,0,1,0,1
Phishing70,1,0,0,0,1,11,3,9,0,0,0,1
Phishing71,0,0,1,0,1,2,2,5,0,1,0,1
Phishing72,0,0,1,0,1,12,3,5,0,1,0,1
Phishing73,1,0,1,0,1,1,2,3,0,0,0,1
Phishing74,1,0,1,0,1,3,2,3,0,1,0,1
Phishing75,1,0,0,1,1,1,3,7,0,1,0,1
Phishing76,1,0,0,1,1,1,3,7,0,1,0,1
Phishing77,0,0,1,0,1,2,2,5,0,1,0,1
Phishing78,1,0,0,1,1,3,2,10,0,1,0,1
Phishing79,0,0,0,1,1,1,4,4,0,1,0,1
Phishing80,0,0,1,0,1,1,2,2,0,0,0,1
Phishing81,0,0,1,0,1,1,2,4,0,1,0,1
Phishing82,0,0,1,0,1,2,4,5,0,1,0,1
Phishing83,0,0,0,1,1,3,2,5,0,1,0,1
Phishing84,1,0,1,0,1,2,2,7,0,1,0,1
Phishing85,1,0,1,0,1,2,2,7,0,1,0,1
Phishing86,0,0,1,0,1,1,3,7,0,1,0,1
Phishing87,1,0,1,0,1,1,2,3,0,0,0,1
Phishing88,0,0,0,0,1,5,2,3,0,1,0,1
Phishing89,1,0,1,0,1,2,2,4,0,1,0,1
Phishing90,0,0,0,0,1,7,3,5,0,1,1,1
Phishing91,0,0,0,0,1,1,1,2,0,0,0,1
Phishing92,0,0,0,0,1,1,1,2,0,0,0,1
Phishing93,0,0,0,0,1,1,2,2,0,1,0,1
Phishing94,0,0,0,0,1,1,2,2,0,1,0,1
Phishing95,0,0,1,0,1,5,3,13,0,1,0,1
Phishing96,0,0,0,0,1,0,0,0,0,0,0,1
Phishing97,0,0,1,0,1,6,3,3,0,1,0,1
Phishing98,0,0,0,0,1,4,3,3,0,1,0,1
Phishing99,0,0,0,0,1,4,3,3,0,1,0,1
Phishing100,1,0,1,0,1,3,3,3,0,1,0,1
Phishing101,0,0,1,0,1,1,2,3,0,0,1,1
Phishing102,0,0,0,0,1,1,1,4,0,0,0,1
Phishing103,0,0,0,0,1,1,1,4,0,0,0,1
Phishing104,0,0,0,0,1,1,1,4,0,0,0,1
Phishing105,0,0,0,0,1,1,1,4,0,0,0,1
Phishing106,0,0,1,0,1,2,3,8,0,1,0,1
Phishing107,1,0,1,0,1,3,2,3,0,1,0,1
Phishing108,0,0,0,0,1,9,4,5,0,1,0,1
Phishing109,0,0,0,0,1,9,4,5,0,1,0,1
Phishing110,1,0,1,0,1,3,4,6,0,1,0,1
Phishing111,0,0,1,0,1,4,3,6,0,1,0,1
Phishing112,0,0,0,0,1,1,1,4,0,0,0,1
Phishing113,0,0,1,0,1,1,2,7,0,0,0,1
Phishing114,0,0,1,0,1,1,2,2,0,0,0,1
Phishing115,0,0,1,0,1,1,2,2,0,0,0,1
Phishing116,0,0,1,0,1,1,2,2,0,0,0,1
Phishing117,0,0,1,0,1,1,2,3,0,0,0,1
Phishing118,0,0,1,0,1,1,2,3,0,0,0,1
Phishing119,1,0,1,0,1,2,2,3,0,1,0,1
Phishing120,0,0,0,0,1,1,1,3,0,0,0,1
Phishing121,0,0,1,0,1,1,2,3,0,0,0,1
Phishing122,0,0,1,0,1,2,5,8,0,1,0,1
Phishing123,0,0,0,0,1,21,3,7,0,1,0,1
Phishing124,0,0,1,0,1,1,2,3,0,0,0,1
Phishing125,0,0,1,0,1,1,2,3,0,0,0,1
Phishing126,1,0,1,0,1,4,2,3,0,1,0,1
Phishing127,1,0,1,1,1,5,2,3,0,1,0,1
Phishing128,1,0,1,1,1,5,3,4,0,1,0,1
Phishing129,0,0,1,0,1,1,2,4,0,0,0,1
Phishing130,1,0,1,0,1,2,3,4,0,0,0,1
Phishing131,1,0,1,1,1,5,2,3,0,1,0,1
Phishing132,0,0,0,0,1,1,1,4,0,0,0,1
Phishing133,0,0,0,0,1,1,1,4,0,0,0,1
Phishing134,0,0,0,0,1,1,1,4,0,0,0,1
Phishing135,0,0,0,0,1,1,1,4,0,0,0,1
Phishing136,0,0,0,0,1,1,1,4,0,0,0,1
Phishing137,0,0,0,0,1,21,3,7,0,1,0,1
Phishing138,0,0,1,0,1,1,2,4,0,0,0,1
Phishing139,0,0,1,0,1,1,2,2,0,0,0,1
Phishing140,0,0,0,0,1,21,3,7,0,1,0,1
Phishing141,0,0,1,0,1,7,3,3,0,1,0,1
Phishing142,1,0,0,0,1,1,1,5,0,0,0,1
Phishing143,1,0,0,0,1,1,1,5,0,0,0,1
Phishing144,1,0,0,0,1,1,1,5,0,0,0,1
Phishing145,1,0,0,0,1,1,1,5,0,0,0,1
Phishing146,0,0,0,0,1,1,2,3,0,0,0,1
Phishing147,0,0,1,0,1,1,2,2,0,0,0,1
Phishing148,0,0,1,0,1,7,2,3,0,1,0,1
Phishing149,1,0,1,0,1,10,3,5,0,1,0,1
Phishing150,0,0,0,0,1,21,3,8,0,1,0,1
Phishing151,0,0,1,0,1,2,5,9,0,1,0,1
Phishing152,1,0,1,0,1,5,3,4,1,1,0,1
Phishing153,0,0,0,0,1,1,2,3,0,0,0,1
Phishing154,0,0,1,0,1,11,5,6,0,1,0,1
Phishing155,1,0,1,0,1,6,3,4,0,1,0,1
Phishing156,0,0,1,0,1,2,5,8,0,1,0,1
Phishing157,0,0,1,0,1,2,5,8,0,1,0,1
Phishing158,1,0,0,0,1,1,1,5,0,0,0,1
Phishing159,0,0,0,0,1,8,2,5,0,1,0,1
Phishing160,1,0,0,1,1,1,3,5,0,1,0,1
Phishing161,1,0,0,0,1,1,1,3,0,0,0,1
Phishing162,1,0,0,0,1,2,2,5,0,0,0,1
Phishing163,0,0,1,0,1,2,4,6,0,1,0,1
Phishing164,0,0,0,0,1,3,1,3,0,1,0,1
Phishing165,0,0,1,0,1,2,2,2,0,0,0,1
Phishing166,0,0,0,1,1,3,2,3,0,1,0,1
Phishing167,1,0,0,0,1,1,2,3,0,0,0,1
Phishing168,1,0,0,1,1,1,2,5,0,1,0,1
Phishing169,0,0,1,0,1,1,2,3,0,1,0,1
Phishing170,1,0,1,0,1,1,2,3,0,1,0,1
Phishing171,0,0,0,0,1,3,1,2,0,1,0,1
Phishing172,0,0,1,0,1,3,3,6,0,1,0,1
Phishing173,1,0,1,0,1,2,2,4,0,0,0,1
Phishing174,1,0,1,0,1,2,2,4,0,0,0,1
Phishing175,1,0,0,0,1,1,2,3,0,0,0,1
Phishing176,1,0,0,0,1,4,2,8,0,1,0,1
Phishing177,1,0,1,0,1,3,2,5,0,1,0,1
Phishing178,0,0,0,0,1,1,2,3,0,1,0,1
Phishing179,0,0,0,0,1,21,3,8,0,1,0,1
Phishing180,1,0,1,0,1,1,3,3,0,1,0,1
Phishing181,1,0,1,0,1,1,2,3,0,1,0,1
Phishing182,0,0,1,0,1,1,1,3,0,1,0,1
Phishing183,0,0,1,0,1,1,2,4,0,1,0,1
Phishing184,1,0,0,0,1,1,2,3,0,0,0,1
Phishing185,0,0,1,0,1,4,2,5,0,1,0,1
Phishing186,0,0,1,0,1,2,2,3,0,1,0,1
Phishing187,1,0,0,1,1,4,2,5,0,1,0,1
Phishing188,0,0,1,0,1,1,2,3,0,1,0,1
Phishing189,1,0,1,0,1,2,2,4,0,0,0,1
Phishing190,1,0,0,0,1,1,1,5,0,0,0,1
Phishing191,0,0,1,0,1,1,3,2,0,0,0,1
Phishing192,1,0,0,0,1,1,1,5,0,0,0,1
Phishing193,0,0,1,0,1,1,2,4,0,1,0,1
Phishing194,0,0,1,0,1,1,2,4,0,1,0,1
Phishing195,1,0,0,0,1,1,2,3,0,0,0,1
Phishing196,1,0,1,0,1,2,2,5,0,0,0,1
Phishing197,0,0,1,0,1,1,2,5,0,1,0,1
Phishing198,1,0,1,0,1,3,3,4,0,1,0,1
Phishing199,1,0,1,0,1,3,3,4,0,1,0,1
Phishing200,1,0,0,1,1,4,2,4,0,1,0,1
Phishing201,0,0,1,0,1,1,1,3,0,1,0,1
Phishing202,0,0,1,0,1,1,2,3,0,1,0,1
Phishing203,1,0,1,0,1,1,4,5,0,1,0,1
Phishing204,0,0,1,0,1,1,2,3,0,1,0,1
Phishing205,1,0,1,0,1,1,4,5,0,1,0,1
Phishing206,0,0,1,0,1,1,2,3,0,1,0,1
Phishing207,0,0,1,0,1,1,2,3,0,1,0,1
Phishing208,0,0,1,0,1,3,2,4,0,1,0,1
Phishing209,1,0,1,0,1,2,2,4,0,0,0,1
Phishing210,1,0,0,0,1,1,2,3,0,0,0,1
Phishing211,1,0,1,1,1,5,2,3,0,1,0,1
Phishing212,1,0,1,0,1,1,2,5,0,0,0,1
Phishing213,0,0,1,0,1,1,2,3,0,0,0,1
Phishing214,0,0,1,0,1,2,4,3,0,1,0,1
Phishing215,0,0,1,0,1,1,1,3,0,0,0,1
Phishing216,0,0,1,0,1,1,3,8,0,1,0,1
Phishing217,0,0,1,0,1,1,3,9,0,1,0,1
Phishing218,0,0,1,0,1,1,2,3,0,0,0,1
Phishing219,0,0,0,1,1,1,2,3,0,1,0,1
Phishing220,0,0,0,1,1,1,2,3,0,1,0,1
Phishing221,0,0,1,0,1,13,3,4,0,1,0,1
Phishing222,1,0,1,0,1,1,2,5,0,0,0,1
Phishing223,0,0,1,0,1,11,6,5,1,1,0,1
Phishing224,1,0,0,0,1,1,2,3,0,0,0,1
Phishing225,1,0,1,0,1,1,2,5,0,0,0,1
Phishing226,1,0,1,0,1,2,3,3,0,0,0,1
Phishing227,1,0,1,0,1,1,3,11,0,1,0,1
Phishing228,1,0,1,0,1,1,3,11,0,1,0,1
Phishing229,1,0,0,1,1,4,2,4,0,1,0,1
Phishing230,0,0,1,0,1,2,2,3,0,1,0,1
Phishing231,0,0,1,0,1,1,2,3,0,1,0,1
Phishing232,1,0,0,0,1,1,1,5,0,0,0,1
Phishing233,1,0,0,0,1,1,1,5,0,0,0,1
Phishing234,0,0,0,0,0,0,0,0,0,0,0,1
Phishing235,0,0,1,0,1,7,2,3,0,1,0,1
Phishing236,0,0,1,0,1,7,2,3,0,1,0,1
Phishing237,0,0,1,1,1,1,3,6,0,1,0,1
Phishing238,0,0,1,0,1,13,3,4,0,1,0,1
Phishing239,1,0,1,0,1,3,3,5,0,1,0,1
Phishing240,0,0,1,0,1,7,2,3,0,1,0,1
Phishing241,0,0,1,1,1,1,4,7,0,1,0,1
Phishing242,0,0,1,0,1,7,2,3,0,1,0,1
Phishing243,0,0,0,0,1,8,3,5,0,1,1,1
Phishing244,0,0,0,1,1,1,2,4,0,1,0,1
Phishing245,1,0,1,0,1,2,2,5,0,1,0,1
Phishing246,0,0,1,0,1,13,3,4,0,1,0,1
Phishing247,0,0,1,0,1,1,1,3,0,0,0,1
Phishing248,0,0,1,0,1,2,2,3,0,1,0,1
Phishing249,0,0,0,0,1,4,2,2,0,0,0,1
Phishing250,0,0,0,0,1,4,2,2,0,0,0,1
Phishing251,0,0,1,0,1,3,2,4,0,1,0,1
Phishing252,0,0,0,1,1,3,3,3,0,1,0,1
Phishing253,0,0,0,1,1,3,3,3,0,1,0,1
Phishing254,0,0,0,1,1,3,3,3,0,1,0,1
Phishing255,0,0,0,0,1,4,2,2,0,0,0,1
Phishing256,0,0,0,0,1,2,3,3,0,1,0,1
Phishing257,0,0,0,1,1,3,3,3,0,1,0,1
Phishing258,0,0,0,0,1,10,4,5,0,1,0,1
Phishing259,0,0,0,0,0,0,2,8,0,0,0,1
Phishing260,0,0,0,0,1,4,2,2,0,0,0,1
Phishing261,1,0,1,0,1,2,3,4,0,1,0,1
Phishing262,0,0,1,0,1,1,2,6,0,0,0,1
Phishing263,0,0,1,0,1,9,5,6,0,1,0,1
Phishing264,1,0,1,0,1,1,2,4,0,0,0,1
Phishing265,0,0,0,0,1,4,2,2,0,0,0,1
Phishing266,0,0,1,0,1,1,2,4,0,0,0,1
Phishing267,0,0,0,0,1,2,1,2,0,1,0,1
Phishing268,0,0,1,0,1,13,3,4,0,1,0,1
Phishing269,0,0,1,0,1,1,3,5,0,1,0,1
Phishing270,1,0,0,0,1,1,2,3,0,0,0,1
Phishing271,0,0,1,0,1,1,3,5,0,1,0,1
Phishing272,0,0,1,0,1,1,3,5,0,1,0,1
Phishing273,0,0,0,0,1,4,2,2,0,0,0,1
Phishing274,0,0,1,0,1,1,1,2,0,1,0,1
Phishing275,0,0,1,0,1,1,3,5,0,1,0,1
Phishing276,1,0,0,0,1,1,4,4,0,1,0,1
Phishing277,1,0,0,0,1,13,4,6,0,1,0,1
Phishing278,1,0,0,0,1,1,1,5,0,0,0,1
Phishing279,1,0,0,0,1,1,1,5,0,0,0,1
Phishing280,0,0,1,0,1,2,3,3,0,1,0,1
Phishing281,0,0,1,0,1,1,2,7,0,1,0,1
Phishing282,0,0,1,0,1,1,3,10,0,1,0,1
Phishing283,0,0,0,0,1,2,2,4,0,0,0,1
Phishing284,0,0,1,0,1,1,2,5,0,1,0,1
Phishing285,0,0,0,0,1,4,2,2,0,0,0,1
Phishing286,0,0,1,0,1,1,2,5,0,0,0,1
Phishing287,0,0,0,0,1,5,2,2,0,0,0,1
Phishing288,0,0,1,1,1,4,2,3,0,1,0,1
Phishing289,0,0,1,0,1,8,3,4,0,1,0,1
Phishing290,0,0,1,0,1,2,3,3,0,1,0,1
Phishing291,0,0,1,0,1,2,3,3,0,1,0,1
Phishing292,0,0,1,0,1,13,3,4,0,1,0,1
Phishing293,1,0,0,1,1,5,4,3,1,1,0,1
Phishing294,1,0,1,0,1,13,4,3,0,1,0,1
Phishing295,0,0,0,0,1,5,2,2,0,0,0,1
Phishing296,1,0,1,0,1,13,4,3,0,1,0,1
Phishing297,0,0,0,1,1,3,3,3,0,1,0,1
Phishing298,1,0,1,0,1,2,3,4,0,1,0,1
Phishing299,1,0,0,0,1,1,2,3,0,0,0,1
Phishing300,1,0,0,1,1,3,2,3,0,1,0,1
Phishing301,0,0,0,1,1,4,2,7,0,1,0,1
Phishing302,1,0,1,0,1,2,3,4,0,1,0,1
Phishing303,1,0,1,0,1,2,3,4,0,1,0,1
Phishing304,1,0,1,0,1,1,2,6,0,0,0,1
Phishing305,1,0,1,0,1,2,2,5,0,1,0,1
Phishing306,0,0,1,0,1,2,3,4,0,1,0,1
Phishing307,1,0,0,0,1,1,1,5,0,0,0,1
Phishing308,1,0,0,1,1,8,2,30,0,1,0,1
Phishing309,1,0,0,0,1,2,2,5,0,1,0,1
Phishing310,0,0,1,0,1,2,1,5,0,1,0,1
Phishing311,0,0,1,0,1,1,2,5,0,0,0,1
Phishing312,1,0,0,0,1,2,2,5,0,1,0,1
Phishing313,0,0,0,0,1,2,1,2,0,0,0,1
Phishing314,0,0,1,0,1,1,2,4,0,0,0,1
Phishing315,1,0,0,1,1,5,5,4,0,1,1,1
Phishing316,1,0,0,0,1,6,7,4,0,1,0,1
Phishing317,0,0,0,0,1,1,2,3,0,1,0,1
Phishing318,1,0,1,0,1,3,3,3,0,1,0,1
Phishing319,1,0,1,0,1,2,2,7,0,1,0,1
Phishing320,1,0,1,0,1,2,2,7,0,1,0,1
Phishing321,0,0,1,0,1,4,1,3,0,1,0,1
Phishing322,0,0,0,0,1,2,1,2,0,0,0,1
Phishing323,0,0,1,0,1,1,2,2,0,0,0,1
Phishing324,1,0,0,0,1,1,1,5,0,0,0,1
Phishing325,0,0,0,0,1,2,1,2,0,0,0,1
Phishing326,0,0,0,0,1,2,1,2,0,0,0,1
Phishing327,0,0,0,0,1,1,3,5,0,1,0,1
Phishing328,1,0,1,0,1,3,3,3,0,1,0,1
Phishing329,0,0,1,0,1,1,2,2,0,0,0,1
Phishing330,1,0,1,0,1,3,3,3,0,1,0,1
Phishing331,0,0,1,0,1,2,2,3,0,0,0,1
Phishing332,0,0,0,1,1,1,2,5,0,1,0,1
Phishing333,1,0,1,0,1,2,3,4,0,1,0,1
Phishing334,1,0,0,1,1,4,3,4,0,1,0,1
Phishing335,0,0,1,0,1,1,3,6,0,1,0,1
Phishing336,0,0,0,0,1,1,0,0,0,0,0,1
Phishing337,0,0,1,1,1,10,3,3,0,1,0,1
Phishing338,0,0,1,0,1,1,1,3,0,0,0,1
Phishing339,0,0,0,0,1,2,2,4,0,1,0,1
Phishing340,0,0,0,0,1,19,4,3,0,1,0,1
Phishing341,1,0,1,0,1,1,2,5,0,0,0,1
Phishing342,0,0,0,0,1,4,3,3,0,1,0,1
Phishing343,0,0,0,0,1,2,1,2,0,0,0,1
Phishing344,1,0,1,1,1,5,3,5,0,1,0,1
Phishing345,0,0,1,1,1,4,3,5,0,0,0,1
Phishing346,1,0,0,1,1,5,4,5,1,1,0,1
Phishing347,0,0,1,1,1,5,3,3,0,1,0,1
Phishing348,0,0,0,0,1,7,1,2,0,1,0,1
Phishing349,0,0,0,0,1,19,4,3,0,1,0,1
Phishing350,0,0,0,0,0,0,0,0,0,0,0,1
Phishing351,0,0,0,0,0,0,0,0,0,0,0,1
Phishing352,0,0,1,0,1,13,2,3,0,1,0,1
Phishing353,1,0,0,1,1,4,3,3,0,0,0,1
Phishing354,0,0,1,0,1,2,2,3,0,1,0,1
Phishing355,0,0,1,0,1,2,2,4,0,0,0,1
Phishing356,1,0,1,0,1,1,2,3,0,0,0,1
Phishing357,1,0,1,0,1,3,3,3,0,1,0,1
Phishing358,1,0,0,0,1,4,3,3,0,1,0,1
Phishing359,1,0,0,0,1,1,2,3,0,0,0,1
Phishing360,1,0,0,0,1,2,2,4,0,1,0,1
Phishing361,0,0,0,0,1,4,2,5,0,1,1,1
Phishing362,0,0,0,0,1,19,4,3,0,1,0,1
Phishing363,1,0,1,0,1,1,2,3,0,0,0,1
Phishing364,1,0,0,0,1,6,3,4,0,1,0,1
Phishing365,0,0,0,0,1,19,4,3,0,1,0,1
Phishing366,1,0,1,1,1,5,2,6,0,1,0,1
Phishing367,1,0,0,0,1,3,18,2,0,1,0,1
Phishing368,1,0,0,0,1,3,18,2,0,1,0,1
Phishing369,1,0,1,0,1,12,5,4,0,1,0,1
Phishing370,0,0,1,0,1,6,1,3,0,1,0,1
Phishing371,0,0,0,0,1,19,4,3,0,1,0,1
Phishing372,0,0,0,0,1,2,1,2,0,0,0,1
Phishing373,0,0,0,0,1,19,4,3,0,1,0,1
Phishing374,1,0,0,0,1,2,2,4,0,1,0,1
Phishing375,0,0,1,1,1,4,3,4,0,0,0,1
Phishing376,1,0,1,0,1,13,4,30,0,1,0,1
Phishing377,1,0,0,0,1,4,2,5,0,1,0,1
Phishing378,0,0,1,0,1,13,3,4,0,1,0,1
Phishing379,0,0,1,0,1,13,3,4,0,1,0,1
Phishing380,0,0,1,0,1,9,5,6,0,1,0,1
Phishing381,0,0,0,0,1,2,1,2,0,0,0,1
Phishing382,0,0,1,0,1,9,5,6,0,1,0,1
Phishing383,0,0,1,0,1,6,1,3,0,1,0,1
Phishing384,0,0,1,0,1,3,1,4,0,1,0,1
Phishing385,0,0,1,0,1,9,5,6,0,1,0,1
Phishing386,1,0,1,0,1,1,3,4,0,0,0,1
Phishing387,0,0,0,0,1,3,1,2,0,0,0,1
Phishing388,1,0,0,0,1,1,1,5,0,0,0,1
Phishing389,0,0,1,0,1,1,3,3,0,1,0,1
Phishing390,0,0,1,0,1,13,3,4,0,1,0,1
Phishing391,1,0,0,0,1,21,3,4,0,1,0,1
Phishing392,1,0,1,0,1,1,3,4,0,1,0,1
Phishing393,1,0,1,0,1,1,3,4,0,1,0,1
Phishing394,1,0,1,0,1,1,3,4,0,1,0,1
Phishing395,1,0,0,0,1,1,1,5,0,0,0,1
Phishing396,1,0,0,0,1,1,1,5,0,0,0,1
Phishing397,0,0,1,0,1,1,2,2,0,0,0,1
Phishing398,1,0,1,0,1,2,2,4,0,0,0,1
Phishing399,1,0,1,0,1,1,2,6,0,1,0,1
Phishing400,1,0,1,0,1,1,2,6,0,1,0,1
Phishing401,1,0,1,0,1,12,3,4,0,1,0,1
Phishing402,1,0,0,0,0,0,1,5,0,0,0,1
Phishing403,1,0,0,0,1,4,5,5,0,1,0,1
Phishing404,0,0,1,0,1,1,2,5,0,0,0,1
Phishing405,1,0,0,0,1,1,1,4,0,1,1,1
Phishing406,0,0,0,0,1,8,1,3,0,1,0,1
Phishing407,0,0,0,0,1,8,2,3,0,1,0,1
Phishing408,0,0,0,0,1,1,1,2,0,0,0,1
Phishing409,1,0,0,0,1,2,3,6,0,1,0,1
Phishing410,0,0,0,0,1,1,1,2,0,0,0,1
Phishing411,1,0,1,0,1,12,3,4,0,1,0,1
Phishing412,0,0,0,0,1,1,1,2,0,0,0,1
Phishing413,0,0,0,1,1,13,2,3,0,1,0,1
Phishing414,0,0,1,0,1,6,1,3,0,1,0,1
Phishing415,0,0,0,0,0,0,0,0,0,0,0,1
Phishing416,0,0,0,0,0,0,0,0,0,0,0,1
Phishing417,0,0,0,0,1,2,1,2,0,0,0,1
Phishing418,0,0,1,0,1,6,1,3,0,1,0,1
Phishing419,0,0,0,0,1,6,1,2,0,1,0,1
Phishing420,0,0,1,0,0,1,4,3,1,0,0,1
Phishing421,0,0,1,0,1,1,4,6,0,1,0,1
Phishing422,0,0,0,0,1,3,1,3,0,0,0,1
Phishing423,0,0,0,0,1,8,3,3,0,1,0,1
Phishing424,1,0,0,0,1,0,5,3,0,0,0,1
Phishing425,1,0,1,0,1,12,3,4,0,1,0,1
Phishing426,0,0,0,0,1,19,4,3,0,1,0,1
Phishing427,1,0,1,1,1,5,2,6,0,1,0,1
Phishing428,0,0,0,1,1,1,2,3,0,1,0,1
Phishing429,0,0,0,0,1,2,2,3,0,0,0,1
Phishing430,0,0,1,0,1,7,3,3,0,1,0,1
Phishing431,0,0,1,0,1,7,3,3,0,1,0,1
Phishing432,0,0,0,0,1,2,2,3,0,0,0,1
Phishing433,0,0,0,0,1,2,2,3,0,0,0,1
Phishing434,0,0,0,0,1,19,4,3,0,1,0,1
Phishing435,0,0,1,0,1,5,5,4,1,1,0,1
Phishing436,0,0,0,0,1,2,2,4,0,1,0,1
Phishing437,0,0,0,0,1,1,0,0,0,1,0,1
Phishing438,1,0,1,0,1,5,6,4,0,1,0,1
Phishing439,0,0,1,0,1,1,2,4,0,0,0,1
Phishing440,0,0,0,0,1,3,3,3,0,1,0,1
Phishing441,0,0,1,0,1,2,2,3,0,1,0,1
Phishing442,0,0,1,0,1,5,5,4,1,1,0,1
Phishing443,0,0,0,0,1,6,1,3,0,1,0,1
Phishing444,0,0,1,0,1,5,5,4,1,1,0,1
Phishing445,1,0,0,0,1,1,2,3,0,0,0,1
Phishing446,1,0,0,0,1,1,2,3,0,0,0,1
Phishing447,0,0,1,0,1,1,3,5,0,1,0,1
Phishing448,1,0,1,0,1,13,4,23,0,1,0,1
Phishing449,1,0,1,0,1,13,4,23,0,1,0,1
Phishing450,1,0,1,0,1,2,2,4,0,0,0,1
Phishing451,0,0,0,0,1,1,1,2,0,0,0,1
Phishing452,0,0,0,0,1,3,3,3,0,1,0,1
Phishing453,0,0,1,0,1,1,1,3,0,1,0,1
Phishing454,1,0,0,0,1,1,2,3,0,0,0,1
Phishing455,0,0,0,0,1,2,2,3,0,0,0,1
Phishing456,1,0,1,0,1,1,3,5,0,1,0,1
Phishing457,0,0,1,0,1,1,2,2,0,0,0,1
Phishing458,0,0,1,0,1,2,3,5,0,0,0,1
Phishing459,0,0,1,0,1,1,3,5,0,1,0,1
Phishing460,0,0,0,1,1,4,2,4,0,1,0,1
Phishing461,0,0,0,0,0,0,1,1,0,0,0,1
Phishing462,1,0,1,0,1,2,2,4,0,0,0,1
Phishing463,0,0,1,0,1,1,2,4,0,0,0,1
Phishing464,0,0,1,0,1,1,3,4,0,1,0,1
Phishing465,1,0,1,0,1,2,3,4,0,0,0,1
Phishing466,0,0,1,0,1,12,5,4,0,1,0,1
Phishing467,1,0,1,0,1,12,3,4,0,1,0,1
Phishing468,1,0,1,0,1,2,3,4,0,0,0,1
Phishing469,0,0,0,0,1,2,1,2,0,0,0,1
Phishing470,0,0,0,0,1,1,0,0,0,0,0,1
Phishing471,0,0,1,0,1,4,4,6,0,1,0,1
Phishing472,1,0,1,0,1,2,4,4,0,0,0,1
Phishing473,0,0,1,0,1,13,4,4,0,1,0,1
Phishing474,0,0,1,0,1,1,3,4,0,1,0,1
Phishing475,1,0,1,0,1,2,4,4,0,0,0,1
Phishing476,1,0,1,0,1,2,4,4,0,0,0,1
Phishing477,0,0,0,0,1,1,0,0,0,1,0,1
Phishing478,0,0,1,0,1,13,4,4,0,1,0,1
Phishing479,0,0,1,0,1,13,4,4,0,1,0,1
Phishing480,0,0,1,0,1,13,4,4,0,1,0,1
Phishing481,0,0,1,0,1,13,4,4,0,1,0,1
Phishing482,1,0,0,0,1,2,1,4,0,0,0,1
Phishing483,0,0,1,0,1,12,5,4,0,1,0,1
Phishing484,0,0,1,0,1,13,4,4,0,1,0,1
Phishing485,1,0,1,1,1,5,2,6,0,1,0,1
Phishing486,0,0,0,0,1,5,1,2,0,1,0,1
Phishing487,1,0,1,0,1,2,4,4,0,0,0,1
Phishing488,1,0,1,0,1,11,4,4,0,1,0,1
Phishing489,0,0,1,0,1,13,4,4,0,1,0,1
Phishing490,0,0,0,0,1,1,1,2,0,1,0,1
Phishing491,0,0,0,0,1,6,4,4,1,1,2,1
Phishing492,0,0,0,0,1,3,2,3,0,1,0,1
Phishing493,1,0,1,0,1,13,4,23,0,1,0,1
Phishing494,0,0,0,0,1,1,0,0,0,1,0,1
Phishing495,0,0,1,0,1,1,3,3,0,1,0,1
Phishing496,1,0,0,0,1,1,2,3,0,1,0,1
Phishing497,1,0,1,0,1,1,3,6,0,1,0,1
Phishing498,0,0,0,0,1,12,3,4,0,1,0,1
Phishing499,0,0,1,0,1,13,4,4,0,1,0,1
Phishing500,1,0,0,0,1,1,2,3,0,1,0,1
Phishing501,0,0,0,0,1,1,0,0,0,1,0,1
Phishing502,0,0,0,0,1,3,4,6,0,1,0,1
Phishing503,0,0,1,0,1,12,5,4,0,1,0,1
Phishing504,0,0,1,0,1,1,2,5,0,0,0,1
Phishing505,0,0,0,0,1,2,1,2,0,0,0,1
Phishing506,0,0,1,0,1,1,3,4,0,1,0,1
Phishing507,0,0,0,0,1,19,4,3,0,1,0,1
Phishing508,0,0,0,0,0,0,1,2,0,0,0,1
Phishing509,1,0,1,0,1,3,2,6,0,1,0,1
Phishing510,0,0,0,0,1,1,1,2,0,0,0,1
Phishing511,0,0,0,0,1,1,1,2,0,0,0,1
Phishing512,0,0,0,0,1,1,1,2,0,0,0,1
Phishing513,0,0,0,0,1,1,1,2,0,0,0,1
Phishing514,0,0,0,0,1,1,1,2,0,0,0,1
Phishing515,1,0,0,0,1,1,2,3,0,0,0,1
Phishing516,0,0,0,0,1,1,1,2,0,0,0,1
Phishing517,0,0,0,0,0,0,1,3,0,0,0,1
Phishing518,0,0,0,0,0,0,1,3,0,0,0,1
Phishing519,0,0,0,0,1,1,1,2,0,0,0,1
Phishing520,0,0,0,0,1,1,1,2,0,0,0,1
Phishing521,0,0,0,0,1,1,1,2,0,0,0,1
Phishing522,0,0,0,0,1,1,1,2,0,0,0,1
Phishing523,0,0,0,0,1,1,1,2,0,0,0,1
Phishing524,1,0,0,0,1,3,2,6,0,1,0,1
Phishing525,0,0,0,0,1,1,1,2,0,0,0,1
Phishing526,1,0,1,0,1,3,2,3,0,1,0,1
Phishing527,1,0,0,0,1,1,2,3,0,0,0,1
Phishing528,1,0,0,0,1,1,2,3,0,0,0,1
Phishing529,1,0,0,0,1,1,2,3,0,0,0,1
Phishing530,1,0,0,0,1,1,2,3,0,0,0,1
Phishing531,0,0,1,0,1,5,5,4,1,1,0,1
Phishing532,1,0,0,0,1,1,2,3,0,0,0,1
Phishing533,1,0,1,0,1,13,4,23,0,1,0,1
Phishing534,0,0,0,0,1,5,2,2,0,1,0,1
Phishing535,1,0,0,0,1,1,2,3,0,0,0,1
Phishing536,1,0,0,0,1,1,2,3,0,0,0,1
Phishing537,1,0,1,0,1,3,2,5,0,0,0,1
Phishing538,0,0,0,0,1,6,2,5,0,0,0,1
Phishing539,0,0,0,0,1,1,1,2,0,0,0,1
Phishing540,0,0,0,0,1,8,1,3,0,1,0,1
Phishing541,0,0,0,0,1,1,1,3,0,1,0,1
Phishing542,1,0,0,1,1,1,2,3,0,1,0,1
Phishing543,0,0,0,0,1,1,1,2,0,0,0,1
Phishing544,1,0,0,0,1,1,2,3,0,0,0,1
Phishing545,1,0,1,0,1,1,3,7,0,1,0,1
Phishing546,0,0,0,0,1,1,0,0,0,0,0,1
Phishing547,0,0,0,0,1,1,1,3,0,1,0,1
Phishing548,0,0,0,0,1,6,2,5,0,0,0,1
Phishing549,0,0,0,0,1,1,1,3,0,1,0,1
Phishing550,0,0,0,0,1,1,1,3,0,1,0,1
Phishing551,0,0,0,0,1,1,1,2,0,0,0,1
Phishing552,0,0,0,0,1,1,0,0,0,1,0,1
Phishing553,1,0,1,0,1,1,3,6,0,0,0,1
Phishing554,0,0,0,0,1,1,1,2,0,0,0,1
Phishing555,0,0,0,0,1,1,1,2,0,0,0,1
Phishing556,1,0,0,1,1,1,4,3,0,1,0,1
Phishing557,1,0,0,0,1,1,2,3,0,0,0,1
Phishing558,0,0,1,0,1,4,3,5,0,1,0,1
Phishing559,0,0,0,0,1,1,1,2,0,0,0,1
Phishing560,0,0,0,0,1,1,1,2,0,0,0,1
Phishing561,0,0,0,0,1,1,1,2,0,0,0,1
Phishing562,1,0,1,0,1,3,3,3,0,1,0,1
Phishing563,0,0,0,0,1,1,1,2,0,0,0,1
Phishing564,1,0,0,1,1,1,2,7,0,1,0,1
Phishing565,1,0,0,0,1,1,2,3,0,0,0,1
Phishing566,0,0,0,0,1,1,1,2,0,0,0,1
Phishing567,0,0,0,0,1,3,1,3,0,1,0,1
Phishing568,1,0,1,0,1,4,2,15,0,0,0,1
Phishing569,0,0,1,0,1,6,5,3,0,1,0,1
Phishing570,0,0,0,0,1,1,1,2,0,0,0,1
Phishing571,0,0,0,0,1,1,1,2,0,0,0,1
Phishing572,0,0,0,0,1,1,1,2,0,0,0,1
Phishing573,0,0,0,0,1,1,2,6,0,0,0,1
Phishing574,0,0,0,0,1,1,1,2,0,0,0,1
Phishing575,0,0,0,0,1,1,1,2,0,0,0,1
Phishing576,0,0,0,0,1,1,1,2,0,0,0,1
Phishing577,0,0,0,0,1,1,1,2,0,0,0,1
Phishing578,0,0,0,0,1,1,1,2,0,0,0,1
Phishing579,0,0,0,0,1,1,1,2,0,0,0,1
Phishing580,0,0,1,0,1,1,2,4,0,0,0,1
Phishing581,0,0,0,0,1,1,1,2,0,0,0,1
Phishing582,0,0,0,1,1,1,4,3,0,1,0,1
Phishing583,0,0,0,0,1,1,1,2,0,0,0,1
Phishing584,1,0,1,0,1,1,3,4,0,1,0,1
Phishing585,0,0,0,0,1,1,1,2,0,0,0,1
Phishing586,1,0,1,0,1,2,2,7,0,1,0,1
Phishing587,0,0,0,0,1,1,1,2,0,0,0,1
Phishing588,0,0,1,0,1,1,2,4,0,0,0,1
Phishing589,1,0,1,0,1,2,3,5,0,1,0,1
Phishing590,1,0,0,0,1,1,2,3,0,1,0,1
Phishing591,0,0,1,0,1,2,2,3,0,1,0,1
Phishing592,0,0,0,0,1,3,2,3,0,1,0,1
Phishing593,0,0,1,0,1,2,2,3,0,1,0,1
Phishing594,0,0,0,0,1,1,1,3,0,1,0,1
Phishing595,0,0,0,0,1,1,1,3,0,1,0,1
Phishing596,0,0,0,0,1,1,1,3,0,1,0,1
Phishing597,0,0,0,0,1,1,1,3,0,1,0,1
Phishing598,0,0,0,0,1,1,1,3,0,1,0,1
Phishing599,1,0,0,0,1,11,3,3,1,1,0,1
Phishing600,0,0,1,0,1,2,2,3,0,1,0,1
Phishing601,0,0,0,0,1,2,0,0,0,1,0,1
Phishing602,0,0,0,1,1,1,4,3,0,1,0,1
Phishing603,0,0,1,0,1,2,2,2,0,0,0,1
Phishing604,1,0,0,0,1,1,2,3,0,1,0,1
Phishing605,0,0,0,0,1,3,1,2,0,1,0,1
Phishing606,0,0,1,0,1,2,2,3,0,1,0,1
Phishing607,0,0,1,0,1,2,2,3,0,1,0,1
Phishing608,0,0,0,1,1,1,6,4,1,1,0,1
Phishing609,1,0,1,1,1,5,2,7,0,1,0,1
Phishing610,1,0,1,1,1,5,2,7,0,1,0,1
Phishing611,1,0,1,0,1,2,3,4,0,1,0,1
Phishing612,0,0,0,0,0,0,1,4,0,0,0,1
Phishing613,0,0,1,0,1,2,2,3,0,1,0,1
Phishing614,0,0,1,0,1,2,2,3,0,1,0,1
Phishing615,1,0,1,0,1,1,3,7,0,1,0,1
Phishing616,0,0,1,0,1,1,3,4,0,1,0,1
Phishing617,0,0,1,0,1,2,2,2,0,0,0,1
Phishing618,0,0,1,0,1,12,4,3,1,1,0,1
Phishing619,1,0,1,0,1,1,3,6,0,0,0,1
Phishing620,0,0,1,0,1,2,3,3,0,0,0,1
Phishing621,0,0,0,0,1,1,0,0,0,0,0,1
Phishing622,0,0,1,0,1,2,2,3,0,1,0,1
Phishing623,1,0,1,0,1,2,2,4,0,0,0,1
Phishing624,1,0,0,0,1,1,2,5,0,1,0,1
Phishing625,0,0,0,0,1,19,4,3,0,1,0,1
Phishing626,0,0,1,0,1,1,2,3,0,1,0,1
Phishing627,0,0,0,0,1,1,0,0,0,0,0,1
Phishing628,0,0,0,0,1,1,0,0,0,0,0,1
Phishing629,0,0,0,1,1,1,2,4,0,1,0,1
Phishing630,0,0,0,0,1,3,4,4,0,1,0,1
Phishing631,0,0,1,0,1,1,1,2,0,0,0,1
Phishing632,0,0,1,0,1,2,2,4,0,0,0,1
Phishing633,1,0,0,0,0,0,1,6,0,0,0,1
Phishing634,0,0,1,0,1,1,1,2,0,0,0,1
Phishing635,0,0,0,0,1,3,4,4,0,1,0,1
Phishing636,0,0,0,0,1,1,1,3,0,1,0,1
Phishing637,0,0,0,0,1,1,1,2,0,0,0,1
Phishing638,0,0,0,0,1,1,0,0,0,0,0,1
Phishing639,0,0,0,0,1,1,1,3,0,1,0,1
Phishing640,0,0,0,0,1,1,1,3,0,1,0,1
Phishing641,0,0,0,0,1,1,1,3,0,1,0,1
Phishing642,0,0,0,0,1,1,1,3,0,1,0,1
Phishing643,0,0,0,0,1,1,1,3,0,1,0,1
Phishing644,0,0,0,0,1,1,1,3,0,1,0,1
Phishing645,0,0,0,0,1,1,1,3,0,1,0,1
Phishing646,0,0,0,0,1,1,1,3,0,1,0,1
Phishing647,0,0,0,0,1,4,3,4,0,1,0,1
Phishing648,1,0,0,0,1,0,2,5,0,0,0,1
Phishing649,0,0,0,0,1,3,3,3,0,1,0,1
Phishing650,1,0,0,0,1,0,2,6,0,0,0,1
Phishing651,1,0,1,0,1,2,2,4,0,1,0,1
Phishing652,0,0,0,1,1,19,6,4,0,1,0,1
Phishing653,0,0,0,0,1,17,4,3,0,1,0,1
Phishing654,0,0,0,0,1,4,2,3,0,1,0,1
Phishing655,1,0,0,0,1,1,1,3,0,0,0,1
Phishing656,0,0,0,0,1,1,2,3,0,1,0,1
Phishing657,0,0,1,0,1,2,3,3,0,1,0,1
Phishing658,0,0,0,0,0,0,5,3,0,0,0,1
Phishing659,0,0,1,0,1,4,2,4,0,0,0,1
Phishing660,0,0,1,0,1,2,2,3,0,1,0,1
Phishing661,0,0,0,0,1,2,1,7,0,0,0,1
Phishing662,1,0,0,0,1,2,3,6,0,1,0,1
Phishing663,0,0,0,0,1,5,1,2,0,1,0,1
Phishing664,1,0,1,0,1,2,2,5,0,1,0,1
Phishing665,0,0,0,1,1,1,3,3,0,1,0,1
Phishing666,0,0,0,1,1,19,6,5,0,1,0,1
Phishing667,1,0,0,0,1,1,2,6,0,1,0,1
Phishing668,0,0,1,0,1,1,3,4,0,1,0,1
Phishing669,1,0,0,0,1,1,1,6,0,1,0,1
Phishing670,0,0,0,0,1,3,3,3,0,1,0,1
Phishing671,0,0,1,0,1,2,3,5,0,1,0,1
Phishing672,0,0,0,1,1,1,3,3,0,1,0,1
Phishing673,1,0,1,0,1,1,2,6,0,1,0,1
Phishing674,0,0,0,1,1,1,2,2,0,0,0,1
Phishing675,0,0,1,0,1,2,3,4,0,1,0,1
Phishing676,0,0,0,0,1,1,1,2,0,1,0,1
Phishing677,0,0,1,0,1,1,1,2,0,0,0,1
Phishing678,0,0,1,0,1,1,1,2,0,0,0,1
Phishing679,0,0,1,0,1,1,1,2,0,0,0,1
Phishing680,0,0,0,0,1,1,2,4,0,1,0,1
Phishing681,0,0,0,1,1,19,5,5,0,1,0,1
Phishing682,1,0,0,0,1,1,1,3,0,0,0,1
Phishing683,1,0,0,1,1,1,3,9,0,1,0,1
Phishing684,0,0,1,0,1,2,3,5,0,1,0,1
Phishing685,1,0,0,1,1,7,4,4,1,1,0,1
Phishing686,0,0,0,0,1,1,2,2,0,1,0,1
Phishing687,1,0,0,1,1,1,3,6,0,1,0,1
Phishing688,1,0,0,0,1,1,1,7,0,0,0,1
Phishing689,0,0,1,0,1,1,3,4,0,0,0,1
Phishing690,0,0,1,0,1,4,4,3,0,1,0,1
Phishing691,0,0,0,0,1,1,2,2,0,1,0,1
Phishing692,1,0,0,0,1,4,4,4,1,1,0,1
Phishing693,0,0,0,0,1,1,1,3,0,1,0,1
Phishing694,0,0,1,0,1,1,3,3,0,1,0,1
Phishing695,0,0,1,0,1,1,2,4,0,1,0,1
Phishing696,1,0,1,0,1,1,2,4,0,1,0,1
Phishing697,0,0,0,1,1,19,5,3,0,1,0,1
Phishing698,0,0,0,0,1,6,2,3,0,1,0,1
Phishing699,0,0,0,0,1,6,2,3,0,1,0,1
Phishing700,1,0,0,0,1,2,5,7,1,1,0,1
Phishing701,0,0,1,0,1,3,3,6,0,1,0,1
Phishing702,0,0,1,0,1,2,4,3,0,1,0,1
Phishing703,1,0,0,0,1,2,5,7,1,1,0,1
Phishing704,1,0,1,0,1,1,2,4,0,1,0,1
Phishing705,0,0,0,1,1,1,2,3,0,1,0,1
Phishing706,0,0,0,1,1,1,2,3,0,1,0,1
Phishing707,1,0,0,0,1,1,3,5,0,1,0,1
Phishing708,1,0,0,0,1,1,3,5,0,1,0,1
Phishing709,0,0,1,0,1,5,2,4,1,1,0,1
Phishing710,0,0,0,0,1,1,1,2,0,0,0,1
Phishing711,0,0,0,0,1,6,2,3,0,1,0,1
Phishing712,0,0,1,0,1,22,3,3,1,1,0,1
Phishing713,0,0,0,1,1,1,2,3,0,1,0,1
Phishing714,0,0,0,0,1,1,1,2,0,1,0,1
Phishing715,0,0,0,1,1,1,2,3,0,1,0,1
Phishing716,0,0,1,1,1,3,3,4,0,0,0,1
Phishing717,1,0,0,0,1,3,2,4,0,1,0,1
Phishing718,1,0,1,0,1,10,3,3,0,1,0,1
Phishing719,0,0,0,0,1,1,2,3,0,1,0,1
Phishing720,1,0,1,0,1,2,3,4,0,0,0,1
Phishing721,0,0,1,0,1,2,2,4,0,0,0,1
Phishing722,0,0,1,0,1,1,2,2,0,0,0,1
Phishing723,0,0,0,1,1,1,2,3,0,1,0,1
Phishing724,0,0,0,0,1,1,1,2,0,0,0,1
Phishing725,0,0,0,1,1,1,2,3,0,1,0,1
Phishing726,0,0,1,0,1,1,2,4,0,1,0,1
Phishing727,0,0,1,0,1,1,2,4,0,1,0,1
Phishing728,0,0,0,1,1,1,2,3,0,1,0,1
Phishing729,0,0,0,1,1,1,2,2,0,1,0,1
Phishing730,0,0,1,0,1,2,3,3,0,1,0,1
Phishing731,0,0,1,0,1,2,3,3,0,1,0,1
Phishing732,0,0,0,1,1,1,2,3,0,1,0,1
Phishing733,0,0,0,0,1,1,2,2,0,1,0,1
Phishing734,0,0,1,0,1,2,3,3,0,1,0,1
Phishing735,0,0,1,0,1,1,2,2,0,1,0,1
Phishing736,0,0,0,1,1,1,2,2,0,1,0,1
Phishing737,0,0,1,0,1,1,2,5,0,1,0,1
Phishing738,0,0,1,0,1,1,3,5,1,1,1,1
Phishing739,0,0,1,0,1,2,5,4,0,1,0,1
Phishing740,0,0,0,1,1,1,2,3,0,1,0,1
Phishing741,0,0,1,0,1,1,2,4,0,1,0,1
Phishing742,1,0,0,1,1,7,4,4,1,1,0,1
Phishing743,0,0,0,0,1,4,3,5,0,1,0,1
Phishing744,0,0,0,0,1,3,1,1,0,0,0,1
Phishing745,1,0,0,0,1,1,2,3,0,1,0,1
Phishing746,0,0,1,0,1,1,2,2,0,0,0,1
Phishing747,0,0,1,0,1,1,2,2,0,0,0,1
Phishing748,0,0,1,0,1,2,5,4,0,1,0,1
Phishing749,0,0,0,0,1,3,1,1,0,0,0,1
Phishing750,1,0,1,0,1,1,2,4,0,1,0,1
Phishing751,0,0,1,0,1,1,2,4,0,1,0,1
Phishing752,0,0,1,0,1,4,2,3,0,1,0,1
Phishing753,1,0,0,0,1,1,2,3,0,1,0,1
Phishing754,0,0,0,1,1,4,2,4,0,1,0,1
Phishing755,0,0,0,1,1,4,2,4,0,1,0,1
Phishing756,1,0,0,1,1,1,2,3,0,1,0,1
Phishing757,0,0,1,0,1,1,1,2,0,0,0,1
Phishing758,0,0,1,0,1,2,5,4,0,1,0,1
Phishing759,1,0,1,0,1,1,3,5,0,1,0,1
Phishing760,0,0,1,0,1,1,1,2,0,0,0,1
Phishing761,0,0,1,0,1,1,2,3,0,1,0,1
Phishing762,0,0,1,0,1,2,2,4,0,0,0,1
Phishing763,0,0,0,0,1,1,1,4,0,0,0,1
Phishing764,1,0,0,0,1,1,2,3,0,1,0,1
Phishing765,0,0,1,0,1,2,5,4,0,1,0,1
Phishing766,0,0,1,0,1,2,5,4,0,1,0,1
Phishing767,1,0,0,1,1,1,2,3,0,1,0,1
Phishing768,1,0,1,0,1,7,3,3,0,1,0,1
Phishing769,1,0,1,0,1,7,3,3,0,1,0,1
Phishing770,0,0,1,0,1,1,2,2,0,0,0,1
Phishing771,0,0,0,0,1,2,1,2,0,0,0,1
Phishing772,0,0,0,1,1,4,3,4,0,1,0,1
Phishing773,1,0,0,0,0,0,1,4,0,0,0,1
Phishing774,0,0,0,1,1,4,2,4,0,1,0,1
Phishing775,0,0,0,0,1,1,4,6,0,1,0,1
Phishing776,1,0,1,0,1,2,3,4,0,1,0,1
Phishing777,0,0,0,0,1,1,3,5,0,1,0,1
Phishing778,1,0,1,0,1,2,3,4,0,1,0,1
Phishing779,1,0,1,1,1,4,3,3,0,0,0,1
Phishing780,0,0,0,1,1,1,2,3,0,1,0,1
Phishing781,0,0,0,0,1,6,1,2,0,1,0,1
Phishing782,0,0,0,1,1,1,2,3,0,1,0,1
Phishing783,0,0,0,0,1,5,1,2,0,1,0,1
Phishing784,0,0,1,0,1,2,4,3,0,1,0,1
Phishing785,0,0,0,0,1,2,1,2,0,0,0,1
Phishing786,0,0,1,0,1,9,6,6,0,1,0,1
Phishing787,0,0,0,1,1,4,2,4,0,1,0,1
Phishing788,0,0,0,0,1,0,2,2,0,0,0,1
Phishing789,0,0,0,1,1,4,2,4,0,1,0,1
Phishing790,1,0,0,1,1,1,2,3,0,1,0,1
Phishing791,0,0,1,0,1,14,4,3,0,1,0,1
Phishing792,1,0,1,0,1,1,7,6,1,1,0,1
Phishing793,0,0,0,1,1,4,2,3,0,1,0,1
Phishing794,0,0,0,1,1,1,2,3,0,1,0,1
Phishing795,0,0,0,1,1,1,2,3,0,1,0,1
Phishing796,0,0,0,0,1,19,4,3,0,1,0,1
Phishing797,0,0,0,0,1,1,5,6,1,1,0,1
Phishing798,1,0,1,0,1,6,3,4,0,1,0,1
Phishing799,0,0,1,0,1,4,3,3,0,1,0,1
Phishing800,0,0,0,0,1,3,4,6,0,1,0,1
Phishing801,0,0,0,0,1,6,1,2,0,1,0,1
Phishing802,0,0,1,0,1,1,2,3,0,1,0,1
Phishing803,0,0,0,0,1,2,1,3,0,1,0,1
Phishing804,0,0,0,0,1,4,1,2,0,1,0,1
Phishing805,0,0,1,0,1,2,2,3,0,0,0,1
Phishing806,1,0,1,0,1,2,4,10,0,1,0,1
Phishing807,0,0,0,0,1,1,3,3,0,1,0,1
Phishing808,0,0,0,0,1,1,1,3,0,0,0,1
Phishing809,0,0,1,0,1,3,2,3,0,1,0,1
Phishing810,0,0,1,0,1,3,2,3,0,1,0,1
Phishing811,0,0,1,0,1,3,2,6,0,1,0,1
Phishing812,1,0,0,0,1,3,2,4,0,1,0,1
Phishing813,1,0,0,1,1,7,4,4,1,1,0,1
Phishing814,0,0,1,0,1,1,1,2,0,0,0,1
Phishing815,0,0,0,0,1,11,4,7,1,1,0,1
Phishing816,1,0,1,0,1,5,3,7,0,1,0,1
Phishing817,0,0,0,0,1,10,4,6,0,1,0,1
Phishing818,0,0,1,0,1,2,2,3,0,0,0,1
Phishing819,0,0,1,0,1,9,2,3,0,1,0,1
Phishing820,1,0,1,0,1,1,2,3,0,0,0,1
Phishing821,0,0,1,1,1,5,3,4,0,1,0,1
Phishing822,0,0,0,1,1,3,4,6,0,1,0,1
Phishing823,0,0,0,0,1,2,1,2,0,0,0,1
Phishing824,0,0,0,0,1,2,1,2,0,0,0,1
Phishing825,0,0,0,0,1,1,1,1,0,1,0,1
Phishing826,1,0,1,0,1,1,2,8,0,0,0,1
Phishing827,1,0,0,0,1,1,5,4,0,1,0,1
Phishing828,1,0,0,1,1,7,5,4,1,1,0,1
Phishing829,0,0,0,0,1,4,1,3,0,1,0,1
Phishing830,0,0,1,0,1,16,3,4,0,1,0,1
Phishing831,0,0,0,0,1,4,1,3,0,1,0,1
Phishing832,0,0,0,0,1,3,1,3,0,1,0,1
Phishing833,0,0,0,0,1,3,1,3,0,1,0,1
Phishing834,0,0,0,1,1,3,4,3,0,1,0,1
Phishing835,0,0,0,0,1,1,1,3,0,0,0,1
Phishing836,0,0,1,0,1,5,1,3,0,1,0,1
Phishing837,1,0,0,0,1,1,5,4,0,1,0,1
Phishing838,0,0,0,0,1,2,4,3,0,1,2,1
Phishing839,0,0,0,1,1,2,4,3,0,1,0,1
Phishing840,1,0,1,0,1,1,3,5,0,1,0,1
Phishing841,1,0,0,0,1,1,5,5,0,1,0,1
Phishing842,0,0,0,0,1,19,5,3,0,1,0,1
Phishing843,0,0,1,0,1,1,1,2,0,0,0,1
Phishing844,0,0,0,0,1,3,4,5,0,1,0,1
Phishing845,1,0,0,0,1,6,3,5,0,1,0,1
Phishing846,0,0,1,0,1,2,2,3,0,1,0,1
Phishing847,1,0,0,0,1,3,3,5,0,1,0,1
Phishing848,0,0,0,0,1,2,1,4,0,1,0,1
Phishing849,0,0,0,0,1,2,1,4,0,1,0,1
Phishing850,1,0,0,0,1,1,2,5,0,1,0,1
Phishing851,0,0,1,0,1,3,2,3,0,1,0,1
Phishing852,0,0,1,0,1,3,3,3,0,1,0,1
Phishing853,0,0,1,0,1,8,4,3,0,1,0,1
Phishing854,0,0,0,0,1,8,3,8,0,1,0,1
Phishing855,1,0,1,0,1,5,3,7,0,1,0,1
Phishing856,0,0,0,0,1,1,1,3,0,1,0,1
Phishing857,1,0,1,0,1,2,3,4,0,0,0,1
Phishing858,0,0,0,0,1,2,1,2,0,0,0,1
Phishing859,0,0,1,0,1,5,2,3,0,0,0,1
Phishing860,0,0,1,0,1,8,4,3,0,1,0,1
Phishing861,1,0,0,0,1,6,3,5,0,1,0,1
Phishing862,0,0,1,0,1,16,3,4,0,1,0,1
Phishing863,0,0,0,0,1,1,1,2,0,0,0,1
Phishing864,0,0,0,1,1,2,5,5,0,1,0,1
Phishing865,0,0,1,0,1,5,3,3,0,1,0,1
Phishing866,1,0,0,0,1,1,5,5,0,1,0,1
Phishing867,1,0,1,0,1,1,3,5,0,1,0,1
Phishing868,0,0,1,0,1,4,4,4,0,1,0,1
Phishing869,0,0,0,0,1,1,6,3,0,1,0,1
Phishing870,1,0,0,0,1,2,2,6,0,1,0,1
Phishing871,1,0,1,0,1,2,2,3,0,1,0,1
Phishing872,0,0,0,1,1,19,6,5,0,1,0,1
Phishing873,1,0,1,1,1,5,3,4,0,1,0,1
Phishing874,0,0,0,0,1,4,1,3,0,1,0,1
Phishing875,1,0,1,0,1,1,3,4,0,1,0,1
Phishing876,0,0,1,0,1,2,2,2,0,1,0,1
Phishing877,1,0,0,0,1,1,2,3,0,1,0,1
Phishing878,1,0,0,0,1,1,5,5,0,1,0,1
Phishing879,0,0,0,0,1,16,5,20,1,1,0,1
Phishing880,0,0,1,0,1,2,2,3,0,1,0,1
Phishing881,1,0,1,0,1,12,3,4,0,1,0,1
Phishing882,1,0,1,0,1,12,3,4,0,1,0,1
Phishing883,0,0,1,0,1,2,2,5,0,1,0,1
Phishing884,0,0,0,0,1,1,0,0,0,0,0,1
Phishing885,0,0,1,0,1,1,1,3,0,1,0,1
Phishing886,1,0,1,0,1,12,3,4,0,1,0,1
Phishing887,1,0,0,1,1,1,4,5,0,1,0,1
Phishing888,0,0,0,0,1,8,3,5,0,1,0,1
Phishing889,0,0,1,1,1,5,5,6,1,1,0,1
Phishing890,0,0,1,1,1,5,5,6,1,1,0,1
Phishing891,1,0,1,0,1,2,2,6,0,1,0,1
Phishing892,1,0,0,0,1,0,3,6,0,0,0,1
Phishing893,1,0,1,0,1,12,3,4,0,1,0,1
Phishing894,1,0,1,0,1,5,6,3,0,1,0,1
Phishing895,0,0,1,0,1,2,2,3,0,1,0,1
Phishing896,0,0,0,0,1,1,6,5,0,1,0,1
Phishing897,0,0,1,0,1,1,3,4,0,1,0,1
Phishing898,1,0,0,0,1,6,3,5,0,1,0,1
Phishing899,1,0,1,0,1,3,2,4,0,1,0,1
Phishing900,1,0,1,0,1,3,3,6,0,1,0,1
Phishing901,1,0,0,0,1,2,4,4,0,1,0,1
Phishing902,1,0,1,0,1,3,3,6,0,1,0,1
Phishing903,0,0,1,0,1,8,4,3,0,1,0,1
Phishing904,0,0,1,0,1,2,3,4,0,1,0,1
Phishing905,1,0,1,0,1,3,3,6,0,1,0,1
Phishing906,1,0,1,1,1,5,3,7,0,1,0,1
Phishing907,0,0,0,0,0,0,1,5,0,0,0,1
Phishing908,0,0,1,0,1,1,3,2,0,1,0,1
Phishing909,0,0,1,0,1,5,5,3,0,1,0,1
Phishing910,0,0,0,0,1,2,2,6,0,1,0,1
Phishing911,0,0,0,0,1,8,2,3,0,1,0,1
Phishing912,0,0,1,0,1,3,2,5,0,1,0,1
Phishing913,1,0,1,0,1,2,2,5,0,1,0,1
Phishing914,1,0,0,1,1,1,4,5,0,1,0,1
Phishing915,0,0,1,0,1,5,2,3,0,1,0,1
Phishing916,1,0,1,0,1,2,3,5,0,1,0,1
Phishing917,0,0,1,1,1,5,3,4,0,1,0,1
Phishing918,0,0,0,0,0,0,1,2,0,0,0,1
Phishing919,0,0,0,0,1,2,1,2,0,0,0,1
Phishing920,0,0,1,0,1,1,3,4,0,1,0,1
Phishing921,0,0,1,0,1,1,1,3,0,0,0,1
Phishing922,0,0,1,0,1,1,1,3,0,1,0,1
Phishing923,1,0,1,0,1,5,3,4,0,1,0,1
Phishing924,1,0,1,0,1,1,3,4,0,1,0,1
Phishing925,0,0,1,0,1,2,2,2,0,1,0,1
Phishing926,0,0,0,0,1,4,3,3,0,1,0,1
Phishing927,1,0,1,0,1,1,3,4,0,1,0,1
Phishing928,0,0,1,0,1,2,2,2,0,1,0,1
Phishing929,0,0,0,0,0,0,1,2,0,0,0,1
Phishing930,0,0,0,1,1,1,2,3,0,1,0,1
Phishing931,0,0,1,0,1,1,2,3,0,1,0,1
Phishing932,1,0,1,0,1,1,2,5,0,0,0,1
Phishing933,0,0,1,0,1,2,3,3,0,1,0,1
Phishing934,1,0,1,0,1,3,3,6,0,1,0,1
Phishing935,0,0,1,0,1,1,3,5,0,1,0,1
Phishing936,1,0,0,0,1,1,1,4,0,0,0,1
Phishing937,1,0,1,0,1,1,3,3,0,1,0,1
Phishing938,1,0,1,0,1,5,3,7,1,1,0,1
Phishing939,1,0,1,0,1,5,3,7,1,1,0,1
Phishing940,0,0,1,0,1,5,2,2,0,0,0,1
Phishing941,0,0,0,0,1,1,1,3,0,0,0,1
Phishing942,1,0,1,0,1,1,3,3,0,1,0,1
Phishing943,0,0,0,0,1,2,1,2,0,0,0,1
Phishing944,1,0,1,0,1,1,3,5,0,1,0,1
Phishing945,0,0,0,1,1,1,2,5,0,1,0,1
Phishing946,0,0,1,0,1,2,2,2,0,1,0,1
Phishing947,0,0,1,0,1,2,3,3,0,1,0,1
Phishing948,1,0,1,1,1,6,2,4,0,1,0,1
Phishing949,1,0,1,0,1,7,3,3,0,1,0,1
Phishing950,0,0,1,0,1,2,3,4,0,1,0,1
Phishing951,1,0,0,0,1,4,3,4,0,1,0,1
Phishing952,0,0,0,0,1,2,5,6,1,1,0,1
Phishing953,0,0,1,0,1,2,2,3,0,0,0,1
Phishing954,0,0,1,0,1,3,2,3,0,1,0,1
Phishing955,0,0,1,0,1,3,2,3,0,1,0,1
Phishing956,1,0,1,0,1,5,3,7,0,1,0,1
Phishing957,0,0,1,0,1,2,2,3,0,1,0,1
Phishing958,1,0,1,0,1,5,3,7,0,1,0,1
Phishing959,1,0,1,0,1,5,3,7,0,1,0,1
Phishing960,0,1,0,0,1,1,1,3,0,0,0,1
Phishing961,0,1,0,0,1,1,1,3,0,0,0,1
Phishing962,0,1,0,0,1,1,1,3,0,0,0,1
Phishing963,0,0,0,0,1,0,1,3,0,0,0,1
Phishing964,0,0,1,0,1,2,3,9,0,1,0,1
Phishing965,0,0,0,0,1,3,4,2,1,1,0,1
Phishing966,0,0,0,0,0,0,1,2,0,0,0,1
Phishing967,0,1,0,0,1,1,1,3,0,0,0,1
Phishing968,0,0,0,0,1,4,3,3,0,1,0,1
Phishing969,1,0,0,1,1,4,2,5,0,1,0,1
Phishing970,1,0,1,0,1,1,5,4,1,1,0,1
Phishing971,1,0,1,0,1,2,2,5,0,1,0,1
Phishing972,0,1,0,0,1,1,1,3,0,0,0,1
Phishing973,0,0,0,0,1,3,3,4,0,1,0,1
Phishing974,0,0,0,0,1,3,3,4,0,1,0,1
Phishing975,0,0,0,0,1,3,3,4,0,1,0,1
Phishing976,0,0,1,0,1,1,1,2,0,0,0,1
Phishing977,0,0,1,0,1,1,3,4,0,1,0,1
Phishing978,0,0,1,0,1,1,1,2,0,0,0,1
Phishing979,1,0,1,0,1,5,3,4,0,1,0,1
Phishing980,0,0,1,0,1,2,3,7,0,1,0,1
Phishing981,1,0,0,0,1,14,3,4,0,1,0,1
Phishing982,0,0,1,0,1,5,3,4,0,1,0,1
Phishing983,1,0,0,1,1,4,2,3,0,1,0,1
Phishing984,0,0,0,1,1,4,5,6,1,1,0,1
Phishing985,1,0,1,0,1,8,3,6,1,1,0,1
Phishing986,0,0,0,0,1,5,1,2,0,1,0,1
Phishing987,1,0,1,1,1,5,3,6,0,1,0,1
Phishing988,0,0,0,0,1,4,3,3,0,1,0,1
Phishing989,1,0,0,0,1,1,2,4,0,1,0,1
Phishing990,0,0,0,1,1,18,3,8,1,1,0,1
Phishing991,0,0,0,0,1,4,3,3,0,1,0,1
Phishing992,0,0,1,0,1,2,2,4,0,0,0,1
Phishing993,1,0,0,1,1,4,2,4,0,1,0,1
Phishing994,0,0,1,0,1,1,1,2,0,0,0,1
Phishing995,1,0,0,0,1,1,1,3,0,0,0,1
Phishing996,0,0,0,0,1,1,2,2,1,1,0,1
Phishing997,0,0,0,0,1,1,4,3,0,1,0,1
Phishing998,0,0,0,1,1,2,5,6,0,1,0,1
Phishing999,1,0,1,0,1,2,3,4,0,0,0,1
Phishing1000,0,0,1,0,1,10,3,7,0,1,0,1
Phishing1001,0,0,0,0,1,2,5,6,1,1,0,1
Phishing1002,0,0,0,0,1,2,5,6,1,1,0,1
Phishing1003,1,0,1,0,1,1,2,3,0,0,0,1
Phishing1004,0,0,0,0,1,0,1,3,0,0,0,1
Phishing1005,0,0,1,0,1,13,5,3,0,1,0,1
Phishing1006,0,0,0,0,1,2,5,6,1,1,0,1
Phishing1007,0,0,0,0,1,2,5,6,1,1,0,1
Phishing1008,0,0,0,0,1,1,2,12,0,1,0,1
Phishing1009,1,0,1,0,1,2,5,4,0,1,0,1
Phishing1010,0,0,1,0,1,1,1,2,0,0,0,1
Phishing1011,0,0,0,0,1,1,2,4,0,1,0,1
Phishing1012,0,0,1,0,1,1,2,4,0,0,0,1
Phishing1013,0,0,1,0,1,2,2,4,0,1,0,1
Phishing1014,0,0,0,1,1,19,5,7,0,1,0,1
Phishing1015,1,0,0,0,0,0,1,4,0,0,0,1
Phishing1016,0,0,1,0,1,1,2,3,0,1,0,1
Phishing1017,1,0,1,0,1,4,3,6,0,1,0,1
Phishing1018,0,0,0,1,1,19,6,3,0,1,0,1
Phishing1019,0,0,0,0,1,1,1,2,0,0,0,1
Phishing1020,1,0,0,1,1,4,2,4,0,1,0,1
Phishing1021,0,0,1,0,1,1,2,6,0,0,0,1
Phishing1022,1,0,1,0,1,2,3,4,0,1,0,1
Phishing1023,1,0,0,1,1,12,2,4,0,1,0,1
Phishing1024,1,0,0,1,1,4,2,6,0,1,0,1
Phishing1025,0,0,0,1,1,19,6,3,0,1,0,1
Phishing1026,1,0,0,0,1,1,2,3,0,1,0,1
Phishing1027,0,0,0,1,1,2,4,4,0,1,0,1
Phishing1028,1,0,1,0,1,1,3,4,0,0,0,1
Phishing1029,0,0,0,1,1,19,6,3,0,1,0,1
Phishing1030,1,0,1,0,1,1,2,7,0,0,0,1
Phishing1031,0,0,0,1,1,19,5,6,0,1,0,1
Phishing1032,0,0,1,0,1,3,1,3,0,1,0,1
Phishing1033,0,0,0,1,1,19,6,3,0,1,0,1
Phishing1034,1,0,0,0,1,5,1,7,0,0,0,1
Phishing1035,0,0,0,1,1,16,3,9,1,1,0,1
Phishing1036,1,0,1,0,1,12,3,4,0,1,0,1
Phishing1037,1,0,0,1,1,2,5,3,0,1,0,1
Phishing1038,1,0,0,1,1,19,5,4,0,1,0,1
Phishing1039,0,0,1,1,1,5,2,4,0,1,0,1
Phishing1040,0,0,0,0,1,1,1,3,0,0,0,1
Phishing1041,0,0,1,1,1,5,3,3,0,1,0,1
Phishing1042,1,0,0,0,1,8,4,8,0,1,0,1
Phishing1043,1,0,1,0,1,1,2,6,0,1,0,1
Phishing1044,0,0,0,0,1,4,1,3,0,1,0,1
Phishing1045,1,0,0,0,1,8,4,8,0,1,0,1
Phishing1046,0,0,1,0,1,2,3,4,0,1,0,1
Phishing1047,0,0,0,1,1,19,6,3,0,1,0,1
Phishing1048,0,0,1,0,1,14,4,3,0,1,0,1
Phishing1049,0,0,1,0,1,1,2,3,0,0,0,1
Phishing1050,0,0,1,0,1,1,3,3,0,0,0,1
Phishing1051,1,0,1,0,1,2,3,4,0,0,0,1
Phishing1052,0,0,0,1,1,5,2,2,0,0,0,1
Phishing1053,0,0,0,0,1,1,1,3,0,0,0,1
Phishing1054,1,0,0,0,1,8,4,8,0,1,0,1
Phishing1055,1,0,0,1,1,19,5,4,0,1,0,1
Phishing1056,1,0,1,0,1,1,2,5,0,0,0,1
Phishing1057,0,0,0,0,1,12,5,6,1,1,0,1
Phishing1058,0,0,0,1,1,3,3,8,0,1,0,1
Phishing1059,1,0,1,0,1,1,3,4,0,0,0,1
Phishing1060,1,0,1,0,1,1,2,6,0,1,0,1
Phishing1061,0,0,1,0,1,2,2,5,0,1,0,1
Phishing1062,0,0,1,0,1,3,1,3,0,1,0,1
Phishing1063,0,0,0,0,1,1,5,6,1,1,0,1
Phishing1064,0,0,0,1,1,3,3,8,0,1,0,1
Phishing1065,1,0,0,0,1,8,3,8,0,1,0,1
Phishing1066,0,0,0,1,1,4,2,5,0,1,0,1
Phishing1067,0,0,0,0,0,0,0,0,0,0,0,1
Phishing1068,0,0,0,0,1,1,5,3,0,1,0,1
Phishing1069,0,0,0,0,1,2,0,0,0,0,0,1
Phishing1070,0,0,0,0,1,1,1,3,0,0,0,1
Phishing1071,0,0,0,0,1,4,1,3,0,1,0,1
Phishing1072,0,0,0,0,1,3,0,0,0,1,0,1
Phishing1073,0,0,0,0,1,2,2,3,0,1,0,1
Phishing1074,0,0,0,0,1,1,1,3,0,1,0,1
Phishing1075,0,0,0,0,1,2,2,3,0,1,0,1
Phishing1076,0,0,0,0,1,1,1,3,0,0,0,1
Phishing1077,0,0,0,0,0,0,1,2,0,0,0,1
Phishing1078,0,0,0,0,1,1,1,2,0,0,0,1
Phishing1079,0,0,0,0,1,0,1,2,0,0,0,1
Phishing1080,0,0,0,0,1,0,1,1,0,1,0,1
Phishing1081,0,0,0,0,1,1,1,1,0,0,0,1
Phishing1082,0,0,0,0,1,10,1,3,0,1,0,1
Phishing1083,0,0,0,0,1,4,1,2,0,0,0,1
Phishing1084,0,0,0,0,1,1,5,3,0,1,0,1
Phishing1085,0,0,0,0,1,2,0,0,0,0,0,1
Phishing1086,0,0,0,0,1,4,2,3,0,1,0,1
Phishing1087,0,0,1,0,1,2,2,7,0,1,0,1
Phishing1088,0,0,1,0,1,2,2,7,0,1,0,1
Phishing1089,0,0,0,1,1,3,3,3,0,1,0,1
Phishing1090,1,0,1,0,1,4,3,3,0,0,0,1
Phishing1091,0,0,1,0,1,1,1,2,0,0,0,1
Phishing1092,1,0,1,0,1,1,2,5,0,0,0,1
Phishing1093,1,0,0,0,1,1,2,4,0,1,0,1
Phishing1094,0,0,0,1,1,3,3,3,0,1,0,1
Phishing1095,1,0,1,0,1,1,2,5,0,0,0,1
Phishing1096,1,0,0,0,1,1,2,4,0,1,0,1
Phishing1097,0,0,1,0,1,4,2,3,0,1,0,1
Phishing1098,0,0,1,0,1,4,3,3,1,1,0,1
Phishing1099,1,0,1,0,1,2,2,5,0,1,0,1
Phishing1100,0,0,0,0,1,3,1,4,0,1,0,1
Phishing1101,0,0,1,0,1,1,2,2,0,0,0,1
Phishing1102,0,0,0,0,1,13,3,3,0,1,0,1
Phishing1103,1,0,1,0,1,3,2,6,0,1,0,1
Phishing1104,0,0,0,1,1,4,2,3,0,1,0,1
Phishing1105,0,0,0,0,1,8,2,3,0,1,0,1
Phishing1106,0,0,1,0,1,1,2,4,0,0,0,1
Phishing1107,0,0,0,0,1,1,0,0,0,1,0,1
Phishing1108,0,0,0,1,1,4,2,3,0,1,0,1
Phishing1109,1,0,1,0,1,1,2,3,0,1,0,1
Phishing1110,1,0,1,0,1,3,3,6,0,1,0,1
Phishing1111,1,0,0,0,1,3,3,6,0,1,0,1
Phishing1112,0,0,1,0,1,1,1,2,0,0,0,1
Phishing1113,1,0,0,0,1,5,2,7,0,1,0,1
Phishing1114,0,0,0,0,1,1,5,6,1,1,0,1
Phishing1115,1,0,1,0,1,1,2,6,0,0,0,1
Phishing1116,1,0,0,0,1,1,2,4,0,1,0,1
Phishing1117,0,0,0,0,1,13,3,3,0,1,0,1
Phishing1118,0,0,0,1,1,2,5,3,0,1,0,1
Phishing1119,1,0,0,0,1,1,2,4,0,1,0,1
Phishing1120,0,0,1,0,1,1,2,2,0,1,0,1
Phishing1121,1,0,0,0,1,8,3,8,0,1,0,1
Phishing1122,0,0,0,0,1,13,3,3,0,1,0,1
Phishing1123,0,0,1,0,1,12,3,4,1,1,0,1
Phishing1124,0,0,0,0,1,1,0,0,0,0,0,1
Phishing1125,0,0,0,0,1,18,6,4,0,1,0,1
Phishing1126,0,0,1,0,1,3,2,6,0,1,0,1
Phishing1127,1,0,1,0,1,3,2,4,0,1,0,1
Phishing1128,0,0,1,0,1,3,1,3,0,1,0,1
Phishing1129,1,0,1,0,1,1,2,6,0,0,0,1
Phishing1130,1,0,0,0,1,5,2,7,0,1,0,1
Phishing1131,0,0,1,0,1,3,1,3,0,1,0,1
Phishing1132,0,0,0,1,1,2,6,3,0,1,0,1
Phishing1133,1,0,1,0,1,1,2,6,0,0,0,1
Phishing1134,1,0,1,0,1,1,4,8,0,1,0,1
Phishing1135,0,0,0,1,1,3,3,4,0,1,0,1
Phishing1136,0,0,0,0,1,5,2,4,0,1,0,1
Phishing1137,1,0,0,0,1,2,3,5,0,1,0,1
Phishing1138,0,0,0,0,1,14,3,3,0,1,0,1
Phishing1139,0,0,0,0,1,12,4,7,1,1,0,1
Phishing1140,0,0,0,0,1,12,4,7,1,1,0,1
Phishing1141,0,0,1,0,1,2,2,3,0,1,0,1
Phishing1142,1,0,0,0,1,8,3,8,0,1,0,1
Phishing1143,1,0,0,0,1,8,4,6,1,1,0,1
Phishing1144,0,0,0,0,1,1,2,4,0,1,0,1
Phishing1145,0,0,1,0,1,2,3,3,0,1,0,1
Phishing1146,1,0,1,0,1,1,2,4,0,0,0,1
Phishing1147,1,0,1,0,1,1,4,4,0,1,0,1
Phishing1148,0,1,0,0,1,4,4,3,0,1,0,1
Phishing1149,1,0,0,0,1,1,2,3,0,1,0,1
Phishing1150,0,0,0,1,1,2,6,3,0,1,0,1
Phishing1151,1,0,0,0,1,8,3,8,0,1,0,1
Phishing1152,0,0,1,0,1,4,3,3,0,1,0,1
Phishing1153,0,0,1,0,1,3,3,6,0,1,0,1
Phishing1154,0,0,1,0,1,6,2,5,1,1,0,1
Phishing1155,0,0,0,0,1,0,1,3,0,1,0,1
Phishing1156,1,0,0,1,1,3,3,5,0,1,0,1
Phishing1157,0,0,0,0,1,1,2,3,0,1,0,1
Phishing1158,0,0,0,0,1,0,1,3,0,1,0,1
Phishing1159,0,0,0,1,1,4,2,4,0,1,0,1
Phishing1160,0,0,0,1,1,4,2,4,0,1,0,1
Phishing1161,1,0,0,0,1,1,5,3,0,1,0,1
Phishing1162,1,0,1,0,1,2,2,5,0,1,0,1
Phishing1163,1,0,0,0,1,0,1,4,0,0,0,1
Phishing1164,1,0,0,0,1,8,3,8,0,1,0,1
Phishing1165,0,0,0,1,1,4,2,5,0,1,0,1
Phishing1166,1,0,0,0,1,8,3,8,0,1,0,1
Phishing1167,0,0,0,0,1,13,3,3,0,1,0,1
Phishing1168,1,0,1,0,1,2,2,5,0,1,0,1
Phishing1169,0,0,1,0,1,1,3,7,0,1,0,1
Phishing1170,1,0,1,0,1,2,2,5,0,1,0,1
Phishing1171,1,0,1,0,1,1,2,5,0,1,0,1
Phishing1172,1,0,0,0,1,1,5,7,0,1,0,1
Phishing1173,0,0,1,0,1,1,2,6,0,0,0,1
Phishing1174,1,0,0,0,1,8,3,8,0,1,0,1
Phishing1175,0,0,0,0,1,3,2,5,0,1,0,1
Phishing1176,0,0,0,0,1,3,2,5,0,1,0,1
Phishing1177,1,0,1,0,1,1,2,5,0,1,0,1
Phishing1178,0,0,0,0,1,3,2,5,0,1,0,1
Phishing1179,1,0,1,0,1,1,2,5,0,1,0,1
Phishing1180,0,0,0,0,1,1,2,4,0,1,0,1
Phishing1181,0,0,0,0,1,1,1,2,0,0,0,1
Phishing1182,1,0,0,1,1,19,7,4,0,1,0,1
Phishing1183,0,0,0,0,1,1,4,3,0,1,0,1
Phishing1184,0,0,1,0,1,3,3,6,0,1,0,1
Phishing1185,0,0,0,0,1,1,2,3,0,1,0,1
Phishing1186,0,0,0,1,1,3,2,3,0,1,0,1
Phishing1187,0,0,0,0,1,1,1,2,0,0,0,1
Phishing1188,0,0,0,0,1,1,1,2,0,0,0,1
Phishing1189,0,0,0,0,1,1,4,4,0,1,0,1
Phishing1190,0,0,1,0,1,3,3,6,0,1,0,1
Phishing1191,0,0,0,0,1,3,3,3,0,1,0,1
Phishing1192,0,0,0,0,1,3,3,3,0,1,0,1
Phishing1193,1,0,0,1,1,3,2,3,0,1,0,1
Phishing1194,0,0,1,0,1,3,1,3,0,1,0,1
Phishing1195,0,0,0,1,1,2,5,4,0,1,0,1
Phishing1196,1,0,1,0,1,1,3,4,0,1,0,1
Phishing1197,1,0,1,0,1,1,3,4,0,1,0,1
Phishing1198,0,0,0,1,1,3,2,4,0,1,0,1
Phishing1199,1,0,1,0,1,1,3,6,0,1,0,1
Phishing1200,1,0,0,1,1,1,4,8,0,1,0,1
Phishing1201,0,0,0,0,1,0,1,3,0,0,0,1
Phishing1202,0,0,1,0,1,2,2,4,0,1,0,1
Phishing1203,0,0,1,0,1,1,3,4,0,1,0,1
Phishing1204,0,0,1,0,1,1,3,4,0,1,0,1
Phishing1205,0,0,1,0,1,1,3,4,0,1,0,1
Phishing1206,0,0,1,0,1,13,5,4,1,1,0,1
Phishing1207,1,0,0,0,1,1,5,7,0,1,0,1
Phishing1208,0,0,1,0,1,1,2,5,0,0,0,1
Phishing1209,1,0,0,0,1,8,4,8,0,1,0,1
Phishing1210,0,0,1,0,1,1,2,5,0,0,0,1
Phishing1211,1,0,1,0,1,1,2,4,0,0,0,1
Phishing1212,0,0,1,0,1,1,2,3,0,1,0,1
Phishing1213,1,0,0,0,1,8,4,8,0,1,0,1
Phishing1214,1,0,1,0,1,1,2,4,0,0,0,1
Phishing1215,0,0,0,1,1,3,2,4,0,1,0,1
Phishing1216,0,0,1,0,1,1,2,3,0,0,0,1
Phishing1217,0,0,0,1,1,3,2,4,0,1,0,1
Phishing1218,1,0,0,0,1,1,5,7,0,1,0,1
Phishing1219,0,0,1,0,1,30,5,4,0,1,0,1
Phishing1220,1,0,0,1,1,19,7,4,0,1,0,1
Phishing1221,1,0,0,1,1,2,2,3,0,1,0,1
Phishing1222,1,0,1,0,1,2,2,5,0,1,0,1
Phishing1223,0,0,0,0,1,3,3,5,0,1,0,1
Phishing1224,0,0,0,1,1,3,2,4,0,1,0,1
Phishing1225,0,0,0,0,1,1,2,5,0,1,0,1
Phishing1226,0,0,0,0,1,0,2,3,0,1,1,1
Phishing1227,0,0,1,0,1,1,2,2,0,0,0,1
Phishing1228,1,0,1,0,1,2,2,4,0,1,0,1
Phishing1229,0,0,0,1,1,2,4,8,0,1,0,1
Phishing1230,1,0,1,0,1,2,2,5,0,1,0,1
Phishing1231,1,0,1,0,1,7,3,4,0,1,0,1
Phishing1232,1,0,0,0,1,2,1,6,0,1,1,1
Phishing1233,1,0,0,0,1,8,4,8,0,1,0,1
Phishing1234,1,0,1,0,1,7,3,4,0,1,0,1
Phishing1235,1,0,1,0,1,2,2,5,0,1,0,1
Phishing1236,1,0,0,0,1,2,1,6,0,1,1,1
Phishing1237,1,0,0,0,1,8,4,8,0,1,0,1
Phishing1238,0,0,1,0,1,4,3,4,0,1,0,1
Phishing1239,0,0,1,0,1,3,1,3,0,1,0,1
Phishing1240,1,0,0,0,1,2,1,6,0,1,1,1
Phishing1241,0,0,1,0,1,1,2,3,0,0,0,1
Phishing1242,0,0,1,1,1,5,3,5,0,1,0,1
Phishing1243,0,0,1,0,1,3,1,3,0,1,0,1
Phishing1244,1,0,1,0,1,13,3,3,0,1,0,1
Phishing1245,0,0,0,0,1,2,3,3,0,1,0,1
Phishing1246,0,0,0,1,1,4,3,4,0,1,0,1
Phishing1247,1,0,0,1,1,2,2,6,0,0,0,1
Phishing1248,0,0,1,0,1,1,2,3,0,1,0,1
Phishing1249,0,0,0,0,1,1,2,2,0,0,0,1
Phishing1250,0,0,0,0,1,1,2,2,0,0,0,1
Phishing1251,0,0,0,0,1,1,2,2,0,0,0,1
Phishing1252,0,0,0,0,1,1,2,2,0,0,0,1
Phishing1253,0,0,0,0,1,1,2,2,0,0,0,1
Phishing1254,1,0,0,1,1,2,2,6,0,0,0,1
Phishing1255,1,0,0,1,1,5,2,9,0,1,0,1
Phishing1256,0,0,0,0,1,1,2,2,0,0,0,1
Phishing1257,0,0,0,0,1,1,2,2,0,0,0,1
Phishing1258,0,0,0,0,1,1,2,2,0,0,0,1
Phishing1259,0,0,0,0,1,1,2,2,0,0,0,1
Phishing1260,0,0,0,0,1,1,2,2,0,0,0,1
Phishing1261,0,0,0,0,1,1,2,2,0,0,0,1
Phishing1262,0,0,0,0,1,2,1,2,0,0,0,1
Phishing1263,1,0,0,1,1,3,4,5,0,1,0,1
Phishing1264,1,0,0,0,1,2,1,6,0,1,1,1
Phishing1265,0,0,0,0,1,1,0,0,0,0,0,1
Phishing1266,1,0,0,1,1,4,2,5,0,1,0,1
Phishing1267,0,0,0,0,1,6,4,6,0,1,0,1
Phishing1268,0,0,0,0,1,1,3,3,0,1,0,1
Phishing1269,1,0,1,0,1,2,2,5,0,1,0,1
Phishing1270,0,0,0,0,1,1,5,28,0,1,0,1
Phishing1271,0,0,0,0,1,1,0,0,0,0,0,1
Phishing1272,1,0,0,0,1,1,2,4,0,1,0,1
Phishing1273,0,0,0,0,1,2,1,2,0,0,0,1
Phishing1274,0,0,1,0,1,8,3,3,0,1,0,1
Phishing1275,1,0,1,0,1,2,2,5,0,1,0,1
Phishing1276,0,0,0,0,0,0,0,0,0,0,0,1
Phishing1277,0,0,1,0,1,3,3,3,0,1,0,1
Phishing1278,0,0,0,1,1,3,3,4,0,1,0,1
Phishing1279,0,0,1,0,1,1,1,2,0,0,0,1
Phishing1280,0,0,0,0,1,1,0,0,0,0,0,1
Phishing1281,0,0,0,0,1,10,5,5,0,1,0,1
Phishing1282,0,0,0,0,1,10,5,5,0,1,0,1
Phishing1283,0,0,0,0,1,1,2,3,0,1,0,1
Phishing1284,1,0,1,0,1,3,2,5,0,1,0,1
Phishing1285,0,0,1,0,1,12,3,3,0,1,0,1
Phishing1286,1,0,0,1,1,3,2,4,0,0,0,1
Phishing1287,0,0,1,0,1,3,1,3,0,1,0,1
Phishing1288,0,0,0,0,1,1,0,0,0,0,0,1
Phishing1289,0,0,0,0,1,6,1,5,0,1,0,1
Phishing1290,0,0,0,0,1,1,0,0,0,0,0,1
Phishing1291,0,0,0,1,1,1,4,6,0,1,0,1
Phishing1292,0,0,0,0,1,3,2,4,0,0,0,1
Phishing1293,0,0,0,0,1,6,2,3,0,0,0,1
Phishing1294,0,0,0,0,0,0,0,0,0,0,0,1
Phishing1295,0,0,0,0,1,1,1,2,0,0,0,1
Phishing1296,0,0,0,0,0,0,0,0,0,0,0,1
Phishing1297,0,0,0,0,1,1,1,2,0,0,0,1
Phishing1298,0,0,0,0,1,2,0,0,0,1,0,1
Phishing1299,0,0,0,0,0,0,0,0,0,0,0,1
Phishing1300,0,0,0,0,0,0,0,0,0,0,0,1
Phishing1301,0,0,0,0,1,1,1,2,0,0,0,1
Phishing1302,0,0,0,0,1,2,1,3,0,1,0,1
Phishing1303,0,0,0,0,0,0,0,0,0,0,0,1
Phishing1304,0,0,0,0,1,1,1,2,0,0,0,1
Phishing1305,0,0,0,0,1,0,0,0,0,0,0,1
Phishing1306,0,0,0,0,1,1,1,2,0,0,0,1
Phishing1307,0,0,0,0,1,3,2,2,0,1,0,1
Phishing1308,0,0,0,0,1,3,1,3,0,1,0,1
Phishing1309,0,0,0,0,0,0,1,1,0,0,0,1
Phishing1310,0,0,0,0,0,0,0,0,0,0,0,1
Phishing1311,0,0,0,0,1,1,1,2,0,0,0,1
Phishing1312,0,0,0,0,1,3,1,3,0,1,0,1
Phishing1313,0,0,0,0,1,0,0,0,0,1,0,1
Phishing1314,0,0,0,0,0,0,1,1,0,0,0,1
Phishing1315,0,0,0,0,0,0,0,0,0,0,0,1
Phishing1316,0,0,0,0,1,0,0,0,0,1,0,1
Phishing1317,0,0,0,0,1,3,1,3,0,1,0,1
Phishing1318,1,0,0,1,1,22,2,4,0,1,0,1
Phishing1319,0,0,0,0,0,0,1,1,0,0,0,1
Phishing1320,0,0,0,0,0,0,1,1,0,0,0,1
Phishing1321,0,0,0,0,0,0,0,0,0,0,0,1
Phishing1322,0,0,0,0,0,0,1,2,0,0,0,1
Phishing1323,0,0,0,0,0,0,0,0,0,0,0,1
Phishing1324,0,0,0,0,1,1,1,2,0,0,0,1
Phishing1325,0,0,0,1,1,1,4,6,0,1,0,1
Phishing1326,0,0,0,0,1,7,1,2,0,0,0,1
Phishing1327,0,0,0,0,1,0,0,0,0,1,0,1
Phishing1328,0,0,0,0,1,3,2,2,0,0,0,1
Phishing1329,0,0,0,0,1,1,1,2,0,0,0,1
Phishing1330,0,0,0,0,1,0,1,2,0,0,0,1
Phishing1331,0,0,0,0,1,3,0,0,0,0,0,1
Phishing1332,0,0,0,0,0,0,1,2,0,0,0,1
Phishing1333,0,0,0,0,1,1,1,2,0,0,0,1
Phishing1334,0,0,0,0,1,1,1,1,0,0,0,1
Phishing1335,0,0,0,0,0,0,0,0,0,0,0,1
Phishing1336,0,0,0,0,1,0,0,0,0,0,0,1
Phishing1337,0,0,0,0,1,1,0,0,0,0,0,1
Phishing1338,0,0,0,0,1,1,1,2,0,0,0,1
Phishing1339,0,0,0,0,0,0,1,2,0,0,0,1
Phishing1340,0,0,0,0,0,0,1,1,0,0,0,1
Phishing1341,0,0,0,0,1,0,0,0,0,1,0,1
Phishing1342,0,0,0,0,1,5,1,2,0,0,0,1
Phishing1343,0,0,0,0,1,0,1,3,0,1,0,1
Phishing1344,0,0,0,0,1,1,1,2,0,0,0,1
Phishing1345,0,0,0,0,1,3,1,3,0,1,0,1
Phishing1346,0,0,0,0,0,0,0,0,0,0,0,1
Phishing1347,0,0,0,0,1,1,1,2,0,0,0,1
Phishing1348,0,0,0,0,1,1,1,2,0,0,0,1
Phishing1349,0,0,0,0,1,1,1,2,0,0,0,1
Phishing1350,0,0,0,0,1,0,1,2,0,0,0,1
Phishing1351,0,0,0,0,1,3,1,3,0,1,0,1
Phishing1352,0,0,0,0,1,6,1,1,0,0,0,1
Phishing1353,0,0,0,0,0,0,0,0,0,0,0,1
Phishing1354,0,0,0,0,0,0,1,3,0,0,0,1
Phishing1355,0,0,0,0,1,2,1,2,0,0,0,1
Phishing1356,0,0,0,0,1,59,3,3,0,1,0,1
Phishing1357,0,0,0,0,0,0,1,1,0,0,0,1
Phishing1358,0,0,0,0,1,1,1,2,0,0,0,1
Phishing1359,0,0,0,0,1,1,1,2,0,0,0,1
Phishing1360,0,0,0,0,1,0,2,3,0,1,0,1
Phishing1361,0,0,0,0,1,4,0,0,0,1,0,1
Phishing1362,0,0,0,0,1,0,0,0,0,1,0,1
Phishing1363,0,0,0,0,1,1,1,2,0,0,0,1
Phishing1364,1,0,1,0,1,1,2,4,0,0,0,1
Phishing1365,1,0,0,1,1,4,2,5,0,1,0,1
Phishing1366,1,0,1,0,1,1,2,4,0,0,0,1
Phishing1367,1,0,0,1,1,4,2,5,0,1,0,1
Phishing1368,1,0,1,0,1,18,3,3,0,1,0,1
Phishing1369,0,0,0,0,1,1,1,4,0,0,0,1
Phishing1370,0,0,0,0,1,1,0,0,0,0,0,1
Phishing1371,1,0,0,1,1,4,2,5,0,1,0,1
Phishing1372,0,0,1,0,1,1,2,5,0,0,0,1
Phishing1373,1,0,0,1,1,4,2,5,0,1,0,1
Phishing1374,0,0,1,0,1,13,4,4,0,1,0,1
Phishing1375,0,0,1,0,1,12,3,5,0,1,0,1
Phishing1376,0,0,0,0,1,1,0,0,0,0,0,1
Phishing1377,0,0,0,0,1,1,0,0,0,0,0,1
Phishing1378,1,0,1,0,1,4,3,3,0,1,0,1
Phishing1379,0,0,0,1,1,4,2,3,0,1,0,1
Phishing1380,1,0,1,0,1,4,3,3,0,1,0,1
Phishing1381,0,0,1,0,1,4,2,4,0,1,0,1
Phishing1382,0,0,0,0,1,10,4,6,0,1,0,1
Phishing1383,0,0,1,0,1,4,2,4,0,1,0,1
Phishing1384,1,0,0,1,1,2,2,6,0,0,0,1
Phishing1385,0,0,1,0,1,4,2,4,0,1,0,1
Phishing1386,0,0,1,0,1,1,4,3,0,1,0,1
Phishing1387,0,0,1,0,1,4,2,4,0,1,0,1
Phishing1388,1,0,1,0,1,1,3,7,0,1,0,1
Phishing1389,0,0,0,1,1,4,2,3,0,1,0,1
Phishing1390,0,0,0,1,1,4,2,3,0,1,0,1
Phishing1391,0,0,1,0,1,12,3,6,0,1,0,1
Phishing1392,0,0,0,0,1,1,0,0,0,0,0,1
Phishing1393,1,0,0,1,1,9,5,3,0,1,0,1
Phishing1394,0,0,0,0,1,1,1,8,0,0,0,1
Phishing1395,0,0,1,0,1,1,2,4,0,1,0,1
